name,abbr,agegrp,year,deaths
Armenia,AM,LT80,2015,17785.0
Armenia,AM,LT80,2016,17334.0
Armenia,AM,LT80,2017,16426.0
Armenia,AM,LT80,2018,15379.0
Armenia,AM,LT80,2019,14880.0
Armenia,AM,LT80,2020,21508.0
Armenia,AM,LT80,2021,21255.0
Armenia,AM,LT80,2022,15632.0
Armenia,AM,LT80,2023,14991.0
Armenia,AM,LT80,2024,15862.363636363636
Armenia,AM,TOTAL,2015,28075.0
Armenia,AM,TOTAL,2016,28033.0
Armenia,AM,TOTAL,2017,27367.0
Armenia,AM,TOTAL,2018,25624.0
Armenia,AM,TOTAL,2019,25589.0
Armenia,AM,TOTAL,2020,35585.0
Armenia,AM,TOTAL,2021,35250.0
Armenia,AM,TOTAL,2022,26834.0
Armenia,AM,TOTAL,2023,24305.0
Armenia,AM,TOTAL,2024,25355.909090909092
Armenia,AM,Y20-39,2015,778.0
Armenia,AM,Y20-39,2016,749.0
Armenia,AM,Y20-39,2017,661.0
Armenia,AM,Y20-39,2018,698.0
Armenia,AM,Y20-39,2019,600.0
Armenia,AM,Y20-39,2020,1838.0
Armenia,AM,Y20-39,2021,1125.0
Armenia,AM,Y20-39,2022,749.0
Armenia,AM,Y20-39,2023,638.0
Armenia,AM,Y20-39,2024,657.0909090909091
Armenia,AM,Y40-59,2015,4343.0
Armenia,AM,Y40-59,2016,4126.0
Armenia,AM,Y40-59,2017,3763.0
Armenia,AM,Y40-59,2018,3633.0
Armenia,AM,Y40-59,2019,3447.0
Armenia,AM,Y40-59,2020,4351.0
Armenia,AM,Y40-59,2021,4184.0
Armenia,AM,Y40-59,2022,3161.0
Armenia,AM,Y40-59,2023,2884.0
Armenia,AM,Y40-59,2024,2923.818181818182
Armenia,AM,Y60-79,2015,12059.0
Armenia,AM,Y60-79,2016,11834.0
Armenia,AM,Y60-79,2017,11495.0
Armenia,AM,Y60-79,2018,10595.0
Armenia,AM,Y60-79,2019,10432.0
Armenia,AM,Y60-79,2020,14152.0
Armenia,AM,Y60-79,2021,15125.0
Armenia,AM,Y60-79,2022,11167.0
Armenia,AM,Y60-79,2023,11008.0
Armenia,AM,Y60-79,2024,11923.363636363636
Armenia,AM,Y_GE80,2015,10290.0
Armenia,AM,Y_GE80,2016,10699.0
Armenia,AM,Y_GE80,2017,10941.0
Armenia,AM,Y_GE80,2018,10245.0
Armenia,AM,Y_GE80,2019,10709.0
Armenia,AM,Y_GE80,2020,14077.0
Armenia,AM,Y_GE80,2021,13995.0
Armenia,AM,Y_GE80,2022,11202.0
Armenia,AM,Y_GE80,2023,9314.0
Armenia,AM,Y_GE80,2024,9493.545454545454
Armenia,AM,Y_LT20,2015,605.0
Armenia,AM,Y_LT20,2016,625.0
Armenia,AM,Y_LT20,2017,507.0
Armenia,AM,Y_LT20,2018,453.0
Armenia,AM,Y_LT20,2019,401.0
Armenia,AM,Y_LT20,2020,1167.0
Armenia,AM,Y_LT20,2021,821.0
Armenia,AM,Y_LT20,2022,555.0
Armenia,AM,Y_LT20,2023,461.0
Armenia,AM,Y_LT20,2024,358.0909090909091
Austria,AT,LT80,2015,35919.0
Austria,AT,LT80,2016,34894.0
Austria,AT,LT80,2017,35151.0
Austria,AT,LT80,2018,36022.0
Austria,AT,LT80,2019,35398.0
Austria,AT,LT80,2020,38223.0
Austria,AT,LT80,2021,38017.0
Austria,AT,LT80,2022,37513.0
Austria,AT,LT80,2023,36061.0
Austria,AT,LT80,2024,35505.166666666664
Austria,AT,TOTAL,2015,82969.0
Austria,AT,TOTAL,2016,78842.0
Austria,AT,TOTAL,2017,81311.0
Austria,AT,TOTAL,2018,82063.0
Austria,AT,TOTAL,2019,81557.0
Austria,AT,TOTAL,2020,91196.0
Austria,AT,TOTAL,2021,89538.0
Austria,AT,TOTAL,2022,91577.0
Austria,AT,TOTAL,2023,87668.0
Austria,AT,TOTAL,2024,86145.58333333333
Austria,AT,Y20-39,2015,1103.0
Austria,AT,Y20-39,2016,1032.0
Austria,AT,Y20-39,2017,1022.0
Austria,AT,Y20-39,2018,1071.0
Austria,AT,Y20-39,2019,1068.0
Austria,AT,Y20-39,2020,1052.0
Austria,AT,Y20-39,2021,1158.0
Austria,AT,Y20-39,2022,1182.0
Austria,AT,Y20-39,2023,1131.0
Austria,AT,Y20-39,2024,1230.6666666666667
Austria,AT,Y40-59,2015,6963.0
Austria,AT,Y40-59,2016,6626.0
Austria,AT,Y40-59,2017,6524.0
Austria,AT,Y40-59,2018,6705.0
Austria,AT,Y40-59,2019,6322.0
Austria,AT,Y40-59,2020,6605.0
Austria,AT,Y40-59,2021,6676.0
Austria,AT,Y40-59,2022,6402.0
Austria,AT,Y40-59,2023,6071.0
Austria,AT,Y40-59,2024,5917.166666666667
Austria,AT,Y60-79,2015,27358.0
Austria,AT,Y60-79,2016,26731.0
Austria,AT,Y60-79,2017,27114.0
Austria,AT,Y60-79,2018,27798.0
Austria,AT,Y60-79,2019,27514.0
Austria,AT,Y60-79,2020,30072.0
Austria,AT,Y60-79,2021,29740.0
Austria,AT,Y60-79,2022,29486.0
Austria,AT,Y60-79,2023,28380.0
Austria,AT,Y60-79,2024,27861.166666666668
Austria,AT,Y_GE80,2015,47050.0
Austria,AT,Y_GE80,2016,43948.0
Austria,AT,Y_GE80,2017,46160.0
Austria,AT,Y_GE80,2018,46041.0
Austria,AT,Y_GE80,2019,46159.0
Austria,AT,Y_GE80,2020,52973.0
Austria,AT,Y_GE80,2021,51521.0
Austria,AT,Y_GE80,2022,54064.0
Austria,AT,Y_GE80,2023,51607.0
Austria,AT,Y_GE80,2024,50640.416666666664
Austria,AT,Y_LT20,2015,495.0
Austria,AT,Y_LT20,2016,505.0
Austria,AT,Y_LT20,2017,491.0
Austria,AT,Y_LT20,2018,448.0
Austria,AT,Y_LT20,2019,494.0
Austria,AT,Y_LT20,2020,494.0
Austria,AT,Y_LT20,2021,443.0
Austria,AT,Y_LT20,2022,443.0
Austria,AT,Y_LT20,2023,479.0
Austria,AT,Y_LT20,2024,496.1666666666667
Belgium,BE,LT80,2015,48112.0
Belgium,BE,LT80,2016,46131.0
Belgium,BE,LT80,2017,45998.0
Belgium,BE,LT80,2018,45994.0
Belgium,BE,LT80,2019,45085.0
Belgium,BE,LT80,2020,51044.0
Belgium,BE,LT80,2021,48652.0
Belgium,BE,LT80,2022,48739.0
Belgium,BE,LT80,2023,47038.0
Belgium,BE,LT80,2024,46840.32653061225
Belgium,BE,TOTAL,2015,112409.0
Belgium,BE,TOTAL,2016,107532.0
Belgium,BE,TOTAL,2017,109278.0
Belgium,BE,TOTAL,2018,110341.0
Belgium,BE,TOTAL,2019,108436.0
Belgium,BE,TOTAL,2020,128432.0
Belgium,BE,TOTAL,2021,111956.0
Belgium,BE,TOTAL,2022,116138.0
Belgium,BE,TOTAL,2023,111165.0
Belgium,BE,TOTAL,2024,110428.89795918367
Belgium,BE,Y20-39,2015,1680.0
Belgium,BE,Y20-39,2016,1665.0
Belgium,BE,Y20-39,2017,1624.0
Belgium,BE,Y20-39,2018,1576.0
Belgium,BE,Y20-39,2019,1506.0
Belgium,BE,Y20-39,2020,1537.0
Belgium,BE,Y20-39,2021,1557.0
Belgium,BE,Y20-39,2022,1501.0
Belgium,BE,Y20-39,2023,1501.0
Belgium,BE,Y20-39,2024,1510.1224489795918
Belgium,BE,Y40-59,2015,9814.0
Belgium,BE,Y40-59,2016,9129.0
Belgium,BE,Y40-59,2017,8793.0
Belgium,BE,Y40-59,2018,8666.0
Belgium,BE,Y40-59,2019,8318.0
Belgium,BE,Y40-59,2020,8926.0
Belgium,BE,Y40-59,2021,8512.0
Belgium,BE,Y40-59,2022,8331.0
Belgium,BE,Y40-59,2023,7898.0
Belgium,BE,Y40-59,2024,7680.081632653061
Belgium,BE,Y60-79,2015,35860.0
Belgium,BE,Y60-79,2016,34629.0
Belgium,BE,Y60-79,2017,34798.0
Belgium,BE,Y60-79,2018,34996.0
Belgium,BE,Y60-79,2019,34530.0
Belgium,BE,Y60-79,2020,39909.0
Belgium,BE,Y60-79,2021,37910.0
Belgium,BE,Y60-79,2022,38251.0
Belgium,BE,Y60-79,2023,37102.0
Belgium,BE,Y60-79,2024,37123.755102040814
Belgium,BE,Y_GE80,2015,64297.0
Belgium,BE,Y_GE80,2016,61401.0
Belgium,BE,Y_GE80,2017,63280.0
Belgium,BE,Y_GE80,2018,64347.0
Belgium,BE,Y_GE80,2019,63351.0
Belgium,BE,Y_GE80,2020,77388.0
Belgium,BE,Y_GE80,2021,63304.0
Belgium,BE,Y_GE80,2022,67399.0
Belgium,BE,Y_GE80,2023,64127.0
Belgium,BE,Y_GE80,2024,63588.57142857143
Belgium,BE,Y_LT20,2015,758.0
Belgium,BE,Y_LT20,2016,708.0
Belgium,BE,Y_LT20,2017,783.0
Belgium,BE,Y_LT20,2018,756.0
Belgium,BE,Y_LT20,2019,731.0
Belgium,BE,Y_LT20,2020,672.0
Belgium,BE,Y_LT20,2021,673.0
Belgium,BE,Y_LT20,2022,656.0
Belgium,BE,Y_LT20,2023,537.0
Belgium,BE,Y_LT20,2024,526.3673469387755
Bulgaria,BG,LT80,2015,64107.0
Bulgaria,BG,LT80,2016,62033.0
Bulgaria,BG,LT80,2017,62529.0
Bulgaria,BG,LT80,2018,62269.0
Bulgaria,BG,LT80,2019,61992.0
Bulgaria,BG,LT80,2020,73742.0
Bulgaria,BG,LT80,2021,90339.0
Bulgaria,BG,LT80,2022,68771.0
Bulgaria,BG,LT80,2023,59453.0
Bulgaria,BG,LT80,2024,58924.666666666664
Bulgaria,BG,TOTAL,2015,112119.0
Bulgaria,BG,TOTAL,2016,107031.0
Bulgaria,BG,TOTAL,2017,109320.0
Bulgaria,BG,TOTAL,2018,108205.0
Bulgaria,BG,TOTAL,2019,107815.0
Bulgaria,BG,TOTAL,2020,125914.0
Bulgaria,BG,TOTAL,2021,148649.0
Bulgaria,BG,TOTAL,2022,118253.0
Bulgaria,BG,TOTAL,2023,100658.0
Bulgaria,BG,TOTAL,2024,99245.25
Bulgaria,BG,Y20-39,2015,1915.0
Bulgaria,BG,Y20-39,2016,1825.0
Bulgaria,BG,Y20-39,2017,1678.0
Bulgaria,BG,Y20-39,2018,1723.0
Bulgaria,BG,Y20-39,2019,1688.0
Bulgaria,BG,Y20-39,2020,1684.0
Bulgaria,BG,Y20-39,2021,2136.0
Bulgaria,BG,Y20-39,2022,1595.0
Bulgaria,BG,Y20-39,2023,1448.0
Bulgaria,BG,Y20-39,2024,1339.0
Bulgaria,BG,Y40-59,2015,12822.0
Bulgaria,BG,Y40-59,2016,12522.0
Bulgaria,BG,Y40-59,2017,12398.0
Bulgaria,BG,Y40-59,2018,12250.0
Bulgaria,BG,Y40-59,2019,11862.0
Bulgaria,BG,Y40-59,2020,13819.0
Bulgaria,BG,Y40-59,2021,16416.0
Bulgaria,BG,Y40-59,2022,12371.0
Bulgaria,BG,Y40-59,2023,11015.0
Bulgaria,BG,Y40-59,2024,11071.666666666666
Bulgaria,BG,Y60-79,2015,48558.0
Bulgaria,BG,Y60-79,2016,46950.0
Bulgaria,BG,Y60-79,2017,47715.0
Bulgaria,BG,Y60-79,2018,47570.0
Bulgaria,BG,Y60-79,2019,47753.0
Bulgaria,BG,Y60-79,2020,57660.0
Bulgaria,BG,Y60-79,2021,71119.0
Bulgaria,BG,Y60-79,2022,54235.0
Bulgaria,BG,Y60-79,2023,46412.0
Bulgaria,BG,Y60-79,2024,45983.166666666664
Bulgaria,BG,Y_GE80,2015,48012.0
Bulgaria,BG,Y_GE80,2016,44998.0
Bulgaria,BG,Y_GE80,2017,46791.0
Bulgaria,BG,Y_GE80,2018,45936.0
Bulgaria,BG,Y_GE80,2019,45823.0
Bulgaria,BG,Y_GE80,2020,52172.0
Bulgaria,BG,Y_GE80,2021,58310.0
Bulgaria,BG,Y_GE80,2022,49482.0
Bulgaria,BG,Y_GE80,2023,41205.0
Bulgaria,BG,Y_GE80,2024,40320.583333333336
Bulgaria,BG,Y_LT20,2015,812.0
Bulgaria,BG,Y_LT20,2016,736.0
Bulgaria,BG,Y_LT20,2017,738.0
Bulgaria,BG,Y_LT20,2018,726.0
Bulgaria,BG,Y_LT20,2019,689.0
Bulgaria,BG,Y_LT20,2020,579.0
Bulgaria,BG,Y_LT20,2021,668.0
Bulgaria,BG,Y_LT20,2022,570.0
Bulgaria,BG,Y_LT20,2023,578.0
Bulgaria,BG,Y_LT20,2024,530.8333333333334
Croatia,HR,LT80,2015,28930.0
Croatia,HR,LT80,2016,26435.0
Croatia,HR,LT80,2017,26985.0
Croatia,HR,LT80,2018,26343.0
Croatia,HR,LT80,2019,25591.0
Croatia,HR,LT80,2020,28534.0
Croatia,HR,LT80,2021,31062.0
Croatia,HR,LT80,2022,27188.0
Croatia,HR,LT80,2023,25461.0
Croatia,HR,LT80,2024,24721.666666666668
Croatia,HR,TOTAL,2015,55140.0
Croatia,HR,TOTAL,2016,51254.0
Croatia,HR,TOTAL,2017,53269.0
Croatia,HR,TOTAL,2018,52562.0
Croatia,HR,TOTAL,2019,51611.0
Croatia,HR,TOTAL,2020,57942.0
Croatia,HR,TOTAL,2021,62496.0
Croatia,HR,TOTAL,2022,56775.0
Croatia,HR,TOTAL,2023,51070.0
Croatia,HR,TOTAL,2024,50594.916666666664
Croatia,HR,Y20-39,2015,736.0
Croatia,HR,Y20-39,2016,628.0
Croatia,HR,Y20-39,2017,629.0
Croatia,HR,Y20-39,2018,615.0
Croatia,HR,Y20-39,2019,624.0
Croatia,HR,Y20-39,2020,610.0
Croatia,HR,Y20-39,2021,635.0
Croatia,HR,Y20-39,2022,589.0
Croatia,HR,Y20-39,2023,540.0
Croatia,HR,Y20-39,2024,503.75
Croatia,HR,Y40-59,2015,5242.0
Croatia,HR,Y40-59,2016,4623.0
Croatia,HR,Y40-59,2017,4638.0
Croatia,HR,Y40-59,2018,4632.0
Croatia,HR,Y40-59,2019,4377.0
Croatia,HR,Y40-59,2020,4471.0
Croatia,HR,Y40-59,2021,4977.0
Croatia,HR,Y40-59,2022,4189.0
Croatia,HR,Y40-59,2023,4067.0
Croatia,HR,Y40-59,2024,3811.1666666666665
Croatia,HR,Y60-79,2015,22629.0
Croatia,HR,Y60-79,2016,20892.0
Croatia,HR,Y60-79,2017,21428.0
Croatia,HR,Y60-79,2018,20809.0
Croatia,HR,Y60-79,2019,20321.0
Croatia,HR,Y60-79,2020,23178.0
Croatia,HR,Y60-79,2021,25192.0
Croatia,HR,Y60-79,2022,22154.0
Croatia,HR,Y60-79,2023,20604.0
Croatia,HR,Y60-79,2024,20196.583333333332
Croatia,HR,Y_GE80,2015,26210.0
Croatia,HR,Y_GE80,2016,24819.0
Croatia,HR,Y_GE80,2017,26279.0
Croatia,HR,Y_GE80,2018,26215.0
Croatia,HR,Y_GE80,2019,26018.0
Croatia,HR,Y_GE80,2020,29407.0
Croatia,HR,Y_GE80,2021,31434.0
Croatia,HR,Y_GE80,2022,29587.0
Croatia,HR,Y_GE80,2023,25609.0
Croatia,HR,Y_GE80,2024,25873.25
Croatia,HR,Y_LT20,2015,323.0
Croatia,HR,Y_LT20,2016,292.0
Croatia,HR,Y_LT20,2017,290.0
Croatia,HR,Y_LT20,2018,287.0
Croatia,HR,Y_LT20,2019,269.0
Croatia,HR,Y_LT20,2020,275.0
Croatia,HR,Y_LT20,2021,258.0
Croatia,HR,Y_LT20,2022,256.0
Croatia,HR,Y_LT20,2023,250.0
Croatia,HR,Y_LT20,2024,210.16666666666666
Cyprus,CY,LT80,2015,2699.0
Cyprus,CY,LT80,2016,2520.0
Cyprus,CY,LT80,2017,2667.0
Cyprus,CY,LT80,2018,2682.0
Cyprus,CY,LT80,2019,2768.0
Cyprus,CY,LT80,2020,2997.0
Cyprus,CY,LT80,2021,3367.0
Cyprus,CY,LT80,2022,3191.0
Cyprus,CY,LT80,2023,3006.0
Cyprus,CY,LT80,2024,2786.16
Cyprus,CY,TOTAL,2015,5983.0
Cyprus,CY,TOTAL,2016,5448.0
Cyprus,CY,TOTAL,2017,6009.0
Cyprus,CY,TOTAL,2018,5798.0
Cyprus,CY,TOTAL,2019,6218.0
Cyprus,CY,TOTAL,2020,6650.0
Cyprus,CY,TOTAL,2021,7219.0
Cyprus,CY,TOTAL,2022,7208.0
Cyprus,CY,TOTAL,2023,6688.0
Cyprus,CY,TOTAL,2024,6467.76
Cyprus,CY,Y20-39,2015,120.0
Cyprus,CY,Y20-39,2016,86.0
Cyprus,CY,Y20-39,2017,104.0
Cyprus,CY,Y20-39,2018,104.0
Cyprus,CY,Y20-39,2019,125.0
Cyprus,CY,Y20-39,2020,116.0
Cyprus,CY,Y20-39,2021,138.0
Cyprus,CY,Y20-39,2022,96.0
Cyprus,CY,Y20-39,2023,129.0
Cyprus,CY,Y20-39,2024,83.2
Cyprus,CY,Y40-59,2015,473.0
Cyprus,CY,Y40-59,2016,457.0
Cyprus,CY,Y40-59,2017,467.0
Cyprus,CY,Y40-59,2018,426.0
Cyprus,CY,Y40-59,2019,452.0
Cyprus,CY,Y40-59,2020,539.0
Cyprus,CY,Y40-59,2021,588.0
Cyprus,CY,Y40-59,2022,484.0
Cyprus,CY,Y40-59,2023,507.0
Cyprus,CY,Y40-59,2024,422.24
Cyprus,CY,Y60-79,2015,2063.0
Cyprus,CY,Y60-79,2016,1929.0
Cyprus,CY,Y60-79,2017,2057.0
Cyprus,CY,Y60-79,2018,2102.0
Cyprus,CY,Y60-79,2019,2149.0
Cyprus,CY,Y60-79,2020,2303.0
Cyprus,CY,Y60-79,2021,2593.0
Cyprus,CY,Y60-79,2022,2552.0
Cyprus,CY,Y60-79,2023,2306.0
Cyprus,CY,Y60-79,2024,2219.36
Cyprus,CY,Y_GE80,2015,3284.0
Cyprus,CY,Y_GE80,2016,2928.0
Cyprus,CY,Y_GE80,2017,3342.0
Cyprus,CY,Y_GE80,2018,3116.0
Cyprus,CY,Y_GE80,2019,3450.0
Cyprus,CY,Y_GE80,2020,3653.0
Cyprus,CY,Y_GE80,2021,3852.0
Cyprus,CY,Y_GE80,2022,4017.0
Cyprus,CY,Y_GE80,2023,3682.0
Cyprus,CY,Y_GE80,2024,3681.6
Cyprus,CY,Y_LT20,2015,43.0
Cyprus,CY,Y_LT20,2016,48.0
Cyprus,CY,Y_LT20,2017,39.0
Cyprus,CY,Y_LT20,2018,50.0
Cyprus,CY,Y_LT20,2019,42.0
Cyprus,CY,Y_LT20,2020,39.0
Cyprus,CY,Y_LT20,2021,48.0
Cyprus,CY,Y_LT20,2022,59.0
Cyprus,CY,Y_LT20,2023,64.0
Cyprus,CY,Y_LT20,2024,61.36
Czechia,CZ,LT80,2015,61218.0
Czechia,CZ,LT80,2016,59004.0
Czechia,CZ,LT80,2017,60522.0
Czechia,CZ,LT80,2018,61906.0
Czechia,CZ,LT80,2019,61685.0
Czechia,CZ,LT80,2020,70782.0
Czechia,CZ,LT80,2021,79808.0
Czechia,CZ,LT80,2022,65340.0
Czechia,CZ,LT80,2023,61465.0
Czechia,CZ,LT80,2024,59431.574468085106
Czechia,CZ,TOTAL,2015,113174.0
Czechia,CZ,TOTAL,2016,107237.0
Czechia,CZ,TOTAL,2017,111007.0
Czechia,CZ,TOTAL,2018,112604.0
Czechia,CZ,TOTAL,2019,112040.0
Czechia,CZ,TOTAL,2020,131494.0
Czechia,CZ,TOTAL,2021,139150.0
Czechia,CZ,TOTAL,2022,119849.0
Czechia,CZ,TOTAL,2023,112339.0
Czechia,CZ,TOTAL,2024,110191.31914893618
Czechia,CZ,Y20-39,2015,1969.0
Czechia,CZ,Y20-39,2016,1828.0
Czechia,CZ,Y20-39,2017,1773.0
Czechia,CZ,Y20-39,2018,1819.0
Czechia,CZ,Y20-39,2019,1739.0
Czechia,CZ,Y20-39,2020,1756.0
Czechia,CZ,Y20-39,2021,1852.0
Czechia,CZ,Y20-39,2022,1783.0
Czechia,CZ,Y20-39,2023,1742.0
Czechia,CZ,Y20-39,2024,1649.6170212765958
Czechia,CZ,Y40-59,2015,10291.0
Czechia,CZ,Y40-59,2016,9822.0
Czechia,CZ,Y40-59,2017,9710.0
Czechia,CZ,Y40-59,2018,9703.0
Czechia,CZ,Y40-59,2019,9671.0
Czechia,CZ,Y40-59,2020,10715.0
Czechia,CZ,Y40-59,2021,12233.0
Czechia,CZ,Y40-59,2022,10296.0
Czechia,CZ,Y40-59,2023,9959.0
Czechia,CZ,Y40-59,2024,9594.553191489362
Czechia,CZ,Y60-79,2015,48378.0
Czechia,CZ,Y60-79,2016,46747.0
Czechia,CZ,Y60-79,2017,48445.0
Czechia,CZ,Y60-79,2018,49784.0
Czechia,CZ,Y60-79,2019,49663.0
Czechia,CZ,Y60-79,2020,57787.0
Czechia,CZ,Y60-79,2021,65193.0
Czechia,CZ,Y60-79,2022,52702.0
Czechia,CZ,Y60-79,2023,49265.0
Czechia,CZ,Y60-79,2024,47684.0
Czechia,CZ,Y_GE80,2015,51956.0
Czechia,CZ,Y_GE80,2016,48233.0
Czechia,CZ,Y_GE80,2017,50485.0
Czechia,CZ,Y_GE80,2018,50698.0
Czechia,CZ,Y_GE80,2019,50355.0
Czechia,CZ,Y_GE80,2020,60712.0
Czechia,CZ,Y_GE80,2021,59342.0
Czechia,CZ,Y_GE80,2022,54509.0
Czechia,CZ,Y_GE80,2023,50874.0
Czechia,CZ,Y_GE80,2024,50759.744680851065
Czechia,CZ,Y_LT20,2015,580.0
Czechia,CZ,Y_LT20,2016,607.0
Czechia,CZ,Y_LT20,2017,594.0
Czechia,CZ,Y_LT20,2018,600.0
Czechia,CZ,Y_LT20,2019,612.0
Czechia,CZ,Y_LT20,2020,524.0
Czechia,CZ,Y_LT20,2021,530.0
Czechia,CZ,Y_LT20,2022,559.0
Czechia,CZ,Y_LT20,2023,499.0
Czechia,CZ,Y_LT20,2024,503.40425531914894
Denmark,DK,LT80,2015,26525.0
Denmark,DK,LT80,2016,26234.0
Denmark,DK,LT80,2017,25955.0
Denmark,DK,LT80,2018,26780.0
Denmark,DK,LT80,2019,26371.0
Denmark,DK,LT80,2020,26842.0
Denmark,DK,LT80,2021,27285.0
Denmark,DK,LT80,2022,28054.0
Denmark,DK,LT80,2023,27071.0
Denmark,DK,LT80,2024,25802.0
Denmark,DK,TOTAL,2015,53435.0
Denmark,DK,TOTAL,2016,52581.0
Denmark,DK,TOTAL,2017,53103.0
Denmark,DK,TOTAL,2018,55076.0
Denmark,DK,TOTAL,2019,53805.0
Denmark,DK,TOTAL,2020,55478.0
Denmark,DK,TOTAL,2021,57041.0
Denmark,DK,TOTAL,2022,59274.0
Denmark,DK,TOTAL,2023,57854.0
Denmark,DK,TOTAL,2024,56482.0
Denmark,DK,Y20-39,2015,596.0
Denmark,DK,Y20-39,2016,666.0
Denmark,DK,Y20-39,2017,602.0
Denmark,DK,Y20-39,2018,610.0
Denmark,DK,Y20-39,2019,607.0
Denmark,DK,Y20-39,2020,660.0
Denmark,DK,Y20-39,2021,584.0
Denmark,DK,Y20-39,2022,631.0
Denmark,DK,Y20-39,2023,612.0
Denmark,DK,Y20-39,2024,591.0
Denmark,DK,Y40-59,2015,4686.0
Denmark,DK,Y40-59,2016,4525.0
Denmark,DK,Y40-59,2017,4278.0
Denmark,DK,Y40-59,2018,4303.0
Denmark,DK,Y40-59,2019,4004.0
Denmark,DK,Y40-59,2020,3950.0
Denmark,DK,Y40-59,2021,3936.0
Denmark,DK,Y40-59,2022,3878.0
Denmark,DK,Y40-59,2023,3708.0
Denmark,DK,Y40-59,2024,3496.0
Denmark,DK,Y60-79,2015,20891.0
Denmark,DK,Y60-79,2016,20709.0
Denmark,DK,Y60-79,2017,20704.0
Denmark,DK,Y60-79,2018,21496.0
Denmark,DK,Y60-79,2019,21439.0
Denmark,DK,Y60-79,2020,21907.0
Denmark,DK,Y60-79,2021,22427.0
Denmark,DK,Y60-79,2022,23229.0
Denmark,DK,Y60-79,2023,22440.0
Denmark,DK,Y60-79,2024,21330.0
Denmark,DK,Y_GE80,2015,26910.0
Denmark,DK,Y_GE80,2016,26347.0
Denmark,DK,Y_GE80,2017,27148.0
Denmark,DK,Y_GE80,2018,28296.0
Denmark,DK,Y_GE80,2019,27429.0
Denmark,DK,Y_GE80,2020,28636.0
Denmark,DK,Y_GE80,2021,29756.0
Denmark,DK,Y_GE80,2022,31220.0
Denmark,DK,Y_GE80,2023,30783.0
Denmark,DK,Y_GE80,2024,30680.0
Denmark,DK,Y_LT20,2015,352.0
Denmark,DK,Y_LT20,2016,334.0
Denmark,DK,Y_LT20,2017,371.0
Denmark,DK,Y_LT20,2018,371.0
Denmark,DK,Y_LT20,2019,321.0
Denmark,DK,Y_LT20,2020,325.0
Denmark,DK,Y_LT20,2021,338.0
Denmark,DK,Y_LT20,2022,316.0
Denmark,DK,Y_LT20,2023,311.0
Denmark,DK,Y_LT20,2024,385.0
Estonia,EE,LT80,2015,8517.0
Estonia,EE,LT80,2016,8229.0
Estonia,EE,LT80,2017,8040.0
Estonia,EE,LT80,2018,8075.0
Estonia,EE,LT80,2019,7781.0
Estonia,EE,LT80,2020,7992.0
Estonia,EE,LT80,2021,9059.0
Estonia,EE,LT80,2022,8228.0
Estonia,EE,LT80,2023,7828.0
Estonia,EE,LT80,2024,7920.0
Estonia,EE,TOTAL,2015,15481.0
Estonia,EE,TOTAL,2016,15314.0
Estonia,EE,TOTAL,2017,15476.0
Estonia,EE,TOTAL,2018,15684.0
Estonia,EE,TOTAL,2019,15332.0
Estonia,EE,TOTAL,2020,16057.0
Estonia,EE,TOTAL,2021,18416.0
Estonia,EE,TOTAL,2022,17201.0
Estonia,EE,TOTAL,2023,15953.0
Estonia,EE,TOTAL,2024,15879.0
Estonia,EE,Y20-39,2015,416.0
Estonia,EE,Y20-39,2016,440.0
Estonia,EE,Y20-39,2017,345.0
Estonia,EE,Y20-39,2018,303.0
Estonia,EE,Y20-39,2019,284.0
Estonia,EE,Y20-39,2020,297.0
Estonia,EE,Y20-39,2021,324.0
Estonia,EE,Y20-39,2022,341.0
Estonia,EE,Y20-39,2023,330.0
Estonia,EE,Y20-39,2024,316.0
Estonia,EE,Y40-59,2015,1769.0
Estonia,EE,Y40-59,2016,1711.0
Estonia,EE,Y40-59,2017,1580.0
Estonia,EE,Y40-59,2018,1644.0
Estonia,EE,Y40-59,2019,1578.0
Estonia,EE,Y40-59,2020,1674.0
Estonia,EE,Y40-59,2021,1724.0
Estonia,EE,Y40-59,2022,1640.0
Estonia,EE,Y40-59,2023,1581.0
Estonia,EE,Y40-59,2024,1566.0
Estonia,EE,Y60-79,2015,6233.0
Estonia,EE,Y60-79,2016,5989.0
Estonia,EE,Y60-79,2017,6034.0
Estonia,EE,Y60-79,2018,6049.0
Estonia,EE,Y60-79,2019,5848.0
Estonia,EE,Y60-79,2020,5959.0
Estonia,EE,Y60-79,2021,6928.0
Estonia,EE,Y60-79,2022,6171.0
Estonia,EE,Y60-79,2023,5835.0
Estonia,EE,Y60-79,2024,5963.0
Estonia,EE,Y_GE80,2015,6964.0
Estonia,EE,Y_GE80,2016,7085.0
Estonia,EE,Y_GE80,2017,7436.0
Estonia,EE,Y_GE80,2018,7609.0
Estonia,EE,Y_GE80,2019,7551.0
Estonia,EE,Y_GE80,2020,8065.0
Estonia,EE,Y_GE80,2021,9357.0
Estonia,EE,Y_GE80,2022,8973.0
Estonia,EE,Y_GE80,2023,8125.0
Estonia,EE,Y_GE80,2024,7959.0
Estonia,EE,Y_LT20,2015,99.0
Estonia,EE,Y_LT20,2016,89.0
Estonia,EE,Y_LT20,2017,81.0
Estonia,EE,Y_LT20,2018,79.0
Estonia,EE,Y_LT20,2019,71.0
Estonia,EE,Y_LT20,2020,62.0
Estonia,EE,Y_LT20,2021,83.0
Estonia,EE,Y_LT20,2022,76.0
Estonia,EE,Y_LT20,2023,82.0
Estonia,EE,Y_LT20,2024,75.0
Finland,FI,LT80,2015,24408.0
Finland,FI,LT80,2016,24410.0
Finland,FI,LT80,2017,24388.0
Finland,FI,LT80,2018,24363.0
Finland,FI,LT80,2019,24111.0
Finland,FI,LT80,2020,25040.0
Finland,FI,LT80,2021,25393.0
Finland,FI,LT80,2022,26617.0
Finland,FI,LT80,2023,26843.0
Finland,FI,LT80,2024,25496.17777777778
Finland,FI,TOTAL,2015,53270.0
Finland,FI,TOTAL,2016,53651.0
Finland,FI,TOTAL,2017,53470.0
Finland,FI,TOTAL,2018,54370.0
Finland,FI,TOTAL,2019,53714.0
Finland,FI,TOTAL,2020,56237.0
Finland,FI,TOTAL,2021,57578.0
Finland,FI,TOTAL,2022,61791.0
Finland,FI,TOTAL,2023,61130.0
Finland,FI,TOTAL,2024,56914.57777777778
Finland,FI,Y20-39,2015,892.0
Finland,FI,Y20-39,2016,914.0
Finland,FI,Y20-39,2017,933.0
Finland,FI,Y20-39,2018,891.0
Finland,FI,Y20-39,2019,991.0
Finland,FI,Y20-39,2020,967.0
Finland,FI,Y20-39,2021,867.0
Finland,FI,Y20-39,2022,901.0
Finland,FI,Y20-39,2023,956.0
Finland,FI,Y20-39,2024,866.6666666666666
Finland,FI,Y40-59,2015,4284.0
Finland,FI,Y40-59,2016,4119.0
Finland,FI,Y40-59,2017,3927.0
Finland,FI,Y40-59,2018,3917.0
Finland,FI,Y40-59,2019,3656.0
Finland,FI,Y40-59,2020,3878.0
Finland,FI,Y40-59,2021,3741.0
Finland,FI,Y40-59,2022,3703.0
Finland,FI,Y40-59,2023,3600.0
Finland,FI,Y40-59,2024,3410.0444444444447
Finland,FI,Y60-79,2015,18979.0
Finland,FI,Y60-79,2016,19115.0
Finland,FI,Y60-79,2017,19237.0
Finland,FI,Y60-79,2018,19277.0
Finland,FI,Y60-79,2019,19191.0
Finland,FI,Y60-79,2020,19934.0
Finland,FI,Y60-79,2021,20518.0
Finland,FI,Y60-79,2022,21754.0
Finland,FI,Y60-79,2023,22003.0
Finland,FI,Y60-79,2024,20966.4
Finland,FI,Y_GE80,2015,28862.0
Finland,FI,Y_GE80,2016,29241.0
Finland,FI,Y_GE80,2017,29082.0
Finland,FI,Y_GE80,2018,30007.0
Finland,FI,Y_GE80,2019,29603.0
Finland,FI,Y_GE80,2020,31197.0
Finland,FI,Y_GE80,2021,32185.0
Finland,FI,Y_GE80,2022,35174.0
Finland,FI,Y_GE80,2023,34287.0
Finland,FI,Y_GE80,2024,31418.4
Finland,FI,Y_LT20,2015,253.0
Finland,FI,Y_LT20,2016,262.0
Finland,FI,Y_LT20,2017,291.0
Finland,FI,Y_LT20,2018,278.0
Finland,FI,Y_LT20,2019,273.0
Finland,FI,Y_LT20,2020,261.0
Finland,FI,Y_LT20,2021,267.0
Finland,FI,Y_LT20,2022,259.0
Finland,FI,Y_LT20,2023,284.0
Finland,FI,Y_LT20,2024,253.06666666666666
France,FR,LT80,2015,241211.0
France,FR,LT80,2016,235584.0
France,FR,LT80,2017,237624.0
France,FR,LT80,2018,239641.0
France,FR,LT80,2019,239008.0
France,FR,LT80,2020,260666.0
France,FR,LT80,2021,264893.0
France,FR,LT80,2022,267841.0
France,FR,LT80,2023,258854.0
France,FR,LT80,2024,256035.26530612246
France,FR,TOTAL,2015,604310.0
France,FR,TOTAL,2016,590836.0
France,FR,TOTAL,2017,604105.0
France,FR,TOTAL,2018,607786.0
France,FR,TOTAL,2019,611297.0
France,FR,TOTAL,2020,678770.0
France,FR,TOTAL,2021,659246.0
France,FR,TOTAL,2022,673101.0
France,FR,TOTAL,2023,636704.0
France,FR,TOTAL,2024,630812.0
France,FR,Y20-39,2015,9627.0
France,FR,Y20-39,2016,9196.0
France,FR,Y20-39,2017,9077.0
France,FR,Y20-39,2018,9224.0
France,FR,Y20-39,2019,9218.0
France,FR,Y20-39,2020,9102.0
France,FR,Y20-39,2021,9277.0
France,FR,Y20-39,2022,9591.0
France,FR,Y20-39,2023,9338.0
France,FR,Y20-39,2024,9056.489795918367
France,FR,Y40-59,2015,55622.0
France,FR,Y40-59,2016,52699.0
France,FR,Y40-59,2017,51783.0
France,FR,Y40-59,2018,51361.0
France,FR,Y40-59,2019,49555.0
France,FR,Y40-59,2020,51410.0
France,FR,Y40-59,2021,50650.0
France,FR,Y40-59,2022,50112.0
France,FR,Y40-59,2023,47678.0
France,FR,Y40-59,2024,46253.4693877551
France,FR,Y60-79,2015,170682.0
France,FR,Y60-79,2016,168690.0
France,FR,Y60-79,2017,171799.0
France,FR,Y60-79,2018,174160.0
France,FR,Y60-79,2019,175346.0
France,FR,Y60-79,2020,195582.0
France,FR,Y60-79,2021,200346.0
France,FR,Y60-79,2022,203149.0
France,FR,Y60-79,2023,197083.0
France,FR,Y60-79,2024,195952.97959183675
France,FR,Y_GE80,2015,363098.0
France,FR,Y_GE80,2016,355252.0
France,FR,Y_GE80,2017,366481.0
France,FR,Y_GE80,2018,368145.0
France,FR,Y_GE80,2019,368204.0
France,FR,Y_GE80,2020,412964.0
France,FR,Y_GE80,2021,389882.0
France,FR,Y_GE80,2022,401549.0
France,FR,Y_GE80,2023,374657.0
France,FR,Y_GE80,2024,371632.32653061225
France,FR,Y_LT20,2015,5280.0
France,FR,Y_LT20,2016,4999.0
France,FR,Y_LT20,2017,4965.0
France,FR,Y_LT20,2018,4896.0
France,FR,Y_LT20,2019,4889.0
France,FR,Y_LT20,2020,4572.0
France,FR,Y_LT20,2021,4620.0
France,FR,Y_LT20,2022,4989.0
France,FR,Y_LT20,2023,4755.0
France,FR,Y_LT20,2024,4772.326530612245
Germany,DE,LT80,2015,432402.0
Germany,DE,LT80,2016,415533.0
Germany,DE,LT80,2017,413223.0
Germany,DE,LT80,2018,416881.0
Germany,DE,LT80,2019,402989.0
Germany,DE,LT80,2020,413022.0
Germany,DE,LT80,2021,419733.0
Germany,DE,LT80,2022,421971.0
Germany,DE,LT80,2023,410800.0
Germany,DE,LT80,2024,383797.14285714284
Germany,DE,TOTAL,2015,940708.0
Germany,DE,TOTAL,2016,906309.0
Germany,DE,TOTAL,2017,929351.0
Germany,DE,TOTAL,2018,952295.0
Germany,DE,TOTAL,2019,936772.0
Germany,DE,TOTAL,2020,1001404.0
Germany,DE,TOTAL,2021,1019045.0
Germany,DE,TOTAL,2022,1064232.0
Germany,DE,TOTAL,2023,1024408.0
Germany,DE,TOTAL,2024,994862.9387755102
Germany,DE,Y20-39,2015,10173.0
Germany,DE,Y20-39,2016,9727.0
Germany,DE,Y20-39,2017,9681.0
Germany,DE,Y20-39,2018,9711.0
Germany,DE,Y20-39,2019,9604.0
Germany,DE,Y20-39,2020,9839.0
Germany,DE,Y20-39,2021,9831.0
Germany,DE,Y20-39,2022,10193.0
Germany,DE,Y20-39,2023,9782.0
Germany,DE,Y20-39,2024,0.0
Germany,DE,Y40-59,2015,79966.0
Germany,DE,Y40-59,2016,77236.0
Germany,DE,Y40-59,2017,74823.0
Germany,DE,Y40-59,2018,75520.0
Germany,DE,Y40-59,2019,72328.0
Germany,DE,Y40-59,2020,73885.0
Germany,DE,Y40-59,2021,75220.0
Germany,DE,Y40-59,2022,72206.0
Germany,DE,Y40-59,2023,68470.0
Germany,DE,Y40-59,2024,64873.71428571428
Germany,DE,Y60-79,2015,337762.0
Germany,DE,Y60-79,2016,323810.0
Germany,DE,Y60-79,2017,324254.0
Germany,DE,Y60-79,2018,327110.0
Germany,DE,Y60-79,2019,316641.0
Germany,DE,Y60-79,2020,325123.0
Germany,DE,Y60-79,2021,330439.0
Germany,DE,Y60-79,2022,335178.0
Germany,DE,Y60-79,2023,328196.0
Germany,DE,Y60-79,2024,318923.4285714286
Germany,DE,Y_GE80,2015,508306.0
Germany,DE,Y_GE80,2016,490776.0
Germany,DE,Y_GE80,2017,516128.0
Germany,DE,Y_GE80,2018,535414.0
Germany,DE,Y_GE80,2019,533783.0
Germany,DE,Y_GE80,2020,588382.0
Germany,DE,Y_GE80,2021,599312.0
Germany,DE,Y_GE80,2022,642261.0
Germany,DE,Y_GE80,2023,613608.0
Germany,DE,Y_GE80,2024,596846.4489795918
Germany,DE,Y_LT20,2015,4501.0
Germany,DE,Y_LT20,2016,4760.0
Germany,DE,Y_LT20,2017,4465.0
Germany,DE,Y_LT20,2018,4540.0
Germany,DE,Y_LT20,2019,4416.0
Germany,DE,Y_LT20,2020,4175.0
Germany,DE,Y_LT20,2021,4243.0
Germany,DE,Y_LT20,2022,4394.0
Germany,DE,Y_LT20,2023,4352.0
Germany,DE,Y_LT20,2024,0.0
Greece,EL,LT80,2015,49698.0
Greece,EL,LT80,2016,47575.0
Greece,EL,LT80,2017,47885.0
Greece,EL,LT80,2018,46178.0
Greece,EL,LT80,2019,46435.0
Greece,EL,LT80,2020,49751.0
Greece,EL,LT80,2021,55787.0
Greece,EL,LT80,2022,52013.0
Greece,EL,LT80,2023,49033.0
Greece,EL,LT80,2024,48559.333333333336
Greece,EL,TOTAL,2015,123324.0
Greece,EL,TOTAL,2016,118116.0
Greece,EL,TOTAL,2017,124069.0
Greece,EL,TOTAL,2018,119952.0
Greece,EL,TOTAL,2019,124538.0
Greece,EL,TOTAL,2020,132969.0
Greece,EL,TOTAL,2021,143668.0
Greece,EL,TOTAL,2022,140292.0
Greece,EL,TOTAL,2023,127671.0
Greece,EL,TOTAL,2024,125661.25
Greece,EL,Y20-39,2015,1616.0
Greece,EL,Y20-39,2016,1519.0
Greece,EL,Y20-39,2017,1394.0
Greece,EL,Y20-39,2018,1416.0
Greece,EL,Y20-39,2019,1347.0
Greece,EL,Y20-39,2020,1304.0
Greece,EL,Y20-39,2021,1432.0
Greece,EL,Y20-39,2022,1331.0
Greece,EL,Y20-39,2023,1261.0
Greece,EL,Y20-39,2024,1160.25
Greece,EL,Y40-59,2015,9253.0
Greece,EL,Y40-59,2016,9013.0
Greece,EL,Y40-59,2017,8912.0
Greece,EL,Y40-59,2018,8739.0
Greece,EL,Y40-59,2019,8779.0
Greece,EL,Y40-59,2020,9170.0
Greece,EL,Y40-59,2021,10367.0
Greece,EL,Y40-59,2022,9171.0
Greece,EL,Y40-59,2023,8620.0
Greece,EL,Y40-59,2024,8478.166666666666
Greece,EL,Y60-79,2015,38177.0
Greece,EL,Y60-79,2016,36342.0
Greece,EL,Y60-79,2017,36967.0
Greece,EL,Y60-79,2018,35450.0
Greece,EL,Y60-79,2019,35731.0
Greece,EL,Y60-79,2020,38762.0
Greece,EL,Y60-79,2021,43448.0
Greece,EL,Y60-79,2022,41014.0
Greece,EL,Y60-79,2023,38642.0
Greece,EL,Y60-79,2024,38366.25
Greece,EL,Y_GE80,2015,73626.0
Greece,EL,Y_GE80,2016,70541.0
Greece,EL,Y_GE80,2017,76184.0
Greece,EL,Y_GE80,2018,73771.0
Greece,EL,Y_GE80,2019,78094.0
Greece,EL,Y_GE80,2020,83218.0
Greece,EL,Y_GE80,2021,87880.0
Greece,EL,Y_GE80,2022,88259.0
Greece,EL,Y_GE80,2023,78638.0
Greece,EL,Y_GE80,2024,77093.25
Greece,EL,Y_LT20,2015,652.0
Greece,EL,Y_LT20,2016,701.0
Greece,EL,Y_LT20,2017,612.0
Greece,EL,Y_LT20,2018,573.0
Greece,EL,Y_LT20,2019,578.0
Greece,EL,Y_LT20,2020,515.0
Greece,EL,Y_LT20,2021,540.0
Greece,EL,Y_LT20,2022,497.0
Greece,EL,Y_LT20,2023,510.0
Greece,EL,Y_LT20,2024,554.6666666666666
Hungary,HU,LT80,2015,78667.0
Hungary,HU,LT80,2016,74980.0
Hungary,HU,LT80,2017,77146.0
Hungary,HU,LT80,2018,76761.0
Hungary,HU,LT80,2019,75741.0
Hungary,HU,LT80,2020,84034.0
Hungary,HU,LT80,2021,94669.0
Hungary,HU,LT80,2022,79836.0
Hungary,HU,LT80,2023,75039.0
Hungary,HU,LT80,2024,72635.51020408163
Hungary,HU,TOTAL,2015,133978.0
Hungary,HU,TOTAL,2016,126293.0
Hungary,HU,TOTAL,2017,131293.0
Hungary,HU,TOTAL,2018,130624.0
Hungary,HU,TOTAL,2019,129275.0
Hungary,HU,TOTAL,2020,143236.0
Hungary,HU,TOTAL,2021,155052.0
Hungary,HU,TOTAL,2022,135960.0
Hungary,HU,TOTAL,2023,127746.0
Hungary,HU,TOTAL,2024,125021.79591836735
Hungary,HU,Y20-39,2015,1965.0
Hungary,HU,Y20-39,2016,1743.0
Hungary,HU,Y20-39,2017,1788.0
Hungary,HU,Y20-39,2018,1737.0
Hungary,HU,Y20-39,2019,1622.0
Hungary,HU,Y20-39,2020,1773.0
Hungary,HU,Y20-39,2021,2097.0
Hungary,HU,Y20-39,2022,1695.0
Hungary,HU,Y20-39,2023,1643.0
Hungary,HU,Y20-39,2024,1623.6734693877552
Hungary,HU,Y40-59,2015,16875.0
Hungary,HU,Y40-59,2016,15368.0
Hungary,HU,Y40-59,2017,14968.0
Hungary,HU,Y40-59,2018,14661.0
Hungary,HU,Y40-59,2019,14085.0
Hungary,HU,Y40-59,2020,14953.0
Hungary,HU,Y40-59,2021,17664.0
Hungary,HU,Y40-59,2022,14236.0
Hungary,HU,Y40-59,2023,12971.0
Hungary,HU,Y40-59,2024,12780.326530612245
Hungary,HU,Y60-79,2015,59078.0
Hungary,HU,Y60-79,2016,57177.0
Hungary,HU,Y60-79,2017,59728.0
Hungary,HU,Y60-79,2018,59787.0
Hungary,HU,Y60-79,2019,59390.0
Hungary,HU,Y60-79,2020,66727.0
Hungary,HU,Y60-79,2021,74312.0
Hungary,HU,Y60-79,2022,63301.0
Hungary,HU,Y60-79,2023,59888.0
Hungary,HU,Y60-79,2024,57652.08163265306
Hungary,HU,Y_GE80,2015,55291.0
Hungary,HU,Y_GE80,2016,51300.0
Hungary,HU,Y_GE80,2017,54137.0
Hungary,HU,Y_GE80,2018,53854.0
Hungary,HU,Y_GE80,2019,53516.0
Hungary,HU,Y_GE80,2020,59177.0
Hungary,HU,Y_GE80,2021,60362.0
Hungary,HU,Y_GE80,2022,56108.0
Hungary,HU,Y_GE80,2023,52682.0
Hungary,HU,Y_GE80,2024,52386.28571428572
Hungary,HU,Y_LT20,2015,749.0
Hungary,HU,Y_LT20,2016,692.0
Hungary,HU,Y_LT20,2017,662.0
Hungary,HU,Y_LT20,2018,576.0
Hungary,HU,Y_LT20,2019,644.0
Hungary,HU,Y_LT20,2020,581.0
Hungary,HU,Y_LT20,2021,596.0
Hungary,HU,Y_LT20,2022,604.0
Hungary,HU,Y_LT20,2023,537.0
Hungary,HU,Y_LT20,2024,579.4285714285714
Iceland,IS,LT80,2015,924.0
Iceland,IS,LT80,2016,994.0
Iceland,IS,LT80,2017,959.0
Iceland,IS,LT80,2018,978.0
Iceland,IS,LT80,2019,971.0
Iceland,IS,LT80,2020,1060.0
Iceland,IS,LT80,2021,1077.0
Iceland,IS,LT80,2022,1221.0
Iceland,IS,LT80,2023,1162.0
Iceland,IS,LT80,2024,1205.4545454545455
Iceland,IS,TOTAL,2015,2223.0
Iceland,IS,TOTAL,2016,2295.0
Iceland,IS,TOTAL,2017,2231.0
Iceland,IS,TOTAL,2018,2250.0
Iceland,IS,TOTAL,2019,2263.0
Iceland,IS,TOTAL,2020,2345.0
Iceland,IS,TOTAL,2021,2338.0
Iceland,IS,TOTAL,2022,2690.0
Iceland,IS,TOTAL,2023,2565.0
Iceland,IS,TOTAL,2024,2601.181818181818
Iceland,IS,Y20-39,2015,45.0
Iceland,IS,Y20-39,2016,58.0
Iceland,IS,Y20-39,2017,67.0
Iceland,IS,Y20-39,2018,68.0
Iceland,IS,Y20-39,2019,56.0
Iceland,IS,Y20-39,2020,65.0
Iceland,IS,Y20-39,2021,64.0
Iceland,IS,Y20-39,2022,67.0
Iceland,IS,Y20-39,2023,75.0
Iceland,IS,Y20-39,2024,75.63636363636364
Iceland,IS,Y40-59,2015,199.0
Iceland,IS,Y40-59,2016,166.0
Iceland,IS,Y40-59,2017,181.0
Iceland,IS,Y40-59,2018,183.0
Iceland,IS,Y40-59,2019,203.0
Iceland,IS,Y40-59,2020,201.0
Iceland,IS,Y40-59,2021,193.0
Iceland,IS,Y40-59,2022,197.0
Iceland,IS,Y40-59,2023,229.0
Iceland,IS,Y40-59,2024,180.8181818181818
Iceland,IS,Y60-79,2015,653.0
Iceland,IS,Y60-79,2016,752.0
Iceland,IS,Y60-79,2017,687.0
Iceland,IS,Y60-79,2018,707.0
Iceland,IS,Y60-79,2019,702.0
Iceland,IS,Y60-79,2020,770.0
Iceland,IS,Y60-79,2021,792.0
Iceland,IS,Y60-79,2022,939.0
Iceland,IS,Y60-79,2023,835.0
Iceland,IS,Y60-79,2024,921.8181818181818
Iceland,IS,Y_GE80,2015,1299.0
Iceland,IS,Y_GE80,2016,1301.0
Iceland,IS,Y_GE80,2017,1272.0
Iceland,IS,Y_GE80,2018,1272.0
Iceland,IS,Y_GE80,2019,1292.0
Iceland,IS,Y_GE80,2020,1285.0
Iceland,IS,Y_GE80,2021,1261.0
Iceland,IS,Y_GE80,2022,1469.0
Iceland,IS,Y_GE80,2023,1403.0
Iceland,IS,Y_GE80,2024,1395.7272727272727
Iceland,IS,Y_LT20,2015,27.0
Iceland,IS,Y_LT20,2016,18.0
Iceland,IS,Y_LT20,2017,24.0
Iceland,IS,Y_LT20,2018,20.0
Iceland,IS,Y_LT20,2019,10.0
Iceland,IS,Y_LT20,2020,24.0
Iceland,IS,Y_LT20,2021,28.0
Iceland,IS,Y_LT20,2022,18.0
Iceland,IS,Y_LT20,2023,23.0
Iceland,IS,Y_LT20,2024,27.18181818181818
Ireland,IE,TOTAL,2015,31401.0
Ireland,IE,TOTAL,2016,31134.0
Ireland,IE,TOTAL,2017,31013.0
Ireland,IE,TOTAL,2018,31607.0
Ireland,IE,TOTAL,2019,31246.0
Ireland,IE,TOTAL,2020,32474.0
Ireland,IE,TOTAL,2021,34259.0
Ireland,IE,TOTAL,2022,35176.0
Ireland,IE,TOTAL,2023,35099.0
Ireland,IE,TOTAL,2024,34499.833333333336
Italy,IT,LT80,2015,249553.0
Italy,IT,LT80,2016,233630.0
Italy,IT,LT80,2017,238643.0
Italy,IT,LT80,2018,232092.0
Italy,IT,LT80,2019,227378.0
Italy,IT,LT80,2020,263592.0
Italy,IT,LT80,2021,252990.0
Italy,IT,LT80,2022,241616.0
Italy,IT,LT80,2023,228358.0
Italy,IT,LT80,2024,220644.27272727274
Italy,IT,TOTAL,2015,667986.0
Italy,IT,TOTAL,2016,623748.0
Italy,IT,TOTAL,2017,656891.0
Italy,IT,TOTAL,2018,638884.0
Italy,IT,TOTAL,2019,642964.0
Italy,IT,TOTAL,2020,756862.0
Italy,IT,TOTAL,2021,706250.0
Italy,IT,TOTAL,2022,711272.0
Italy,IT,TOTAL,2023,658403.0
Italy,IT,TOTAL,2024,637141.8181818181
Italy,IT,Y20-39,2015,5984.0
Italy,IT,Y20-39,2016,5571.0
Italy,IT,Y20-39,2017,5324.0
Italy,IT,Y20-39,2018,5366.0
Italy,IT,Y20-39,2019,5024.0
Italy,IT,Y20-39,2020,4960.0
Italy,IT,Y20-39,2021,5199.0
Italy,IT,Y20-39,2022,4970.0
Italy,IT,Y20-39,2023,4869.0
Italy,IT,Y20-39,2024,4793.454545454546
Italy,IT,Y40-59,2015,41861.0
Italy,IT,Y40-59,2016,39637.0
Italy,IT,Y40-59,2017,39684.0
Italy,IT,Y40-59,2018,39375.0
Italy,IT,Y40-59,2019,38510.0
Italy,IT,Y40-59,2020,42093.0
Italy,IT,Y40-59,2021,41706.0
Italy,IT,Y40-59,2022,39309.0
Italy,IT,Y40-59,2023,37374.0
Italy,IT,Y40-59,2024,35617.63636363637
Italy,IT,Y60-79,2015,198788.0
Italy,IT,Y60-79,2016,185727.0
Italy,IT,Y60-79,2017,190952.0
Italy,IT,Y60-79,2018,184646.0
Italy,IT,Y60-79,2019,181545.0
Italy,IT,Y60-79,2020,214376.0
Italy,IT,Y60-79,2021,203919.0
Italy,IT,Y60-79,2022,195305.0
Italy,IT,Y60-79,2023,184012.0
Italy,IT,Y60-79,2024,178202.81818181818
Italy,IT,Y_GE80,2015,418433.0
Italy,IT,Y_GE80,2016,390118.0
Italy,IT,Y_GE80,2017,418248.0
Italy,IT,Y_GE80,2018,406792.0
Italy,IT,Y_GE80,2019,415586.0
Italy,IT,Y_GE80,2020,493270.0
Italy,IT,Y_GE80,2021,453260.0
Italy,IT,Y_GE80,2022,469656.0
Italy,IT,Y_GE80,2023,430045.0
Italy,IT,Y_GE80,2024,416497.54545454547
Italy,IT,Y_LT20,2015,2920.0
Italy,IT,Y_LT20,2016,2695.0
Italy,IT,Y_LT20,2017,2683.0
Italy,IT,Y_LT20,2018,2705.0
Italy,IT,Y_LT20,2019,2299.0
Italy,IT,Y_LT20,2020,2163.0
Italy,IT,Y_LT20,2021,2166.0
Italy,IT,Y_LT20,2022,2032.0
Italy,IT,Y_LT20,2023,2103.0
Italy,IT,Y_LT20,2024,2030.3636363636365
Latvia,LV,LT80,2015,17036.0
Latvia,LV,LT80,2016,16521.0
Latvia,LV,LT80,2017,16443.0
Latvia,LV,LT80,2018,16172.0
Latvia,LV,LT80,2019,15215.0
Latvia,LV,LT80,2020,15860.0
Latvia,LV,LT80,2021,18794.0
Latvia,LV,LT80,2022,16110.0
Latvia,LV,LT80,2023,14919.0
Latvia,LV,LT80,2024,13893.0
Latvia,LV,TOTAL,2015,28972.0
Latvia,LV,TOTAL,2016,28443.0
Latvia,LV,TOTAL,2017,28659.0
Latvia,LV,TOTAL,2018,28743.0
Latvia,LV,TOTAL,2019,27632.0
Latvia,LV,TOTAL,2020,29336.0
Latvia,LV,TOTAL,2021,34471.0
Latvia,LV,TOTAL,2022,30278.0
Latvia,LV,TOTAL,2023,27618.0
Latvia,LV,TOTAL,2024,26183.0
Latvia,LV,Y20-39,2015,867.0
Latvia,LV,Y20-39,2016,806.0
Latvia,LV,Y20-39,2017,799.0
Latvia,LV,Y20-39,2018,715.0
Latvia,LV,Y20-39,2019,638.0
Latvia,LV,Y20-39,2020,613.0
Latvia,LV,Y20-39,2021,744.0
Latvia,LV,Y20-39,2022,717.0
Latvia,LV,Y20-39,2023,655.0
Latvia,LV,Y20-39,2024,557.0
Latvia,LV,Y40-59,2015,4013.0
Latvia,LV,Y40-59,2016,3835.0
Latvia,LV,Y40-59,2017,3739.0
Latvia,LV,Y40-59,2018,3789.0
Latvia,LV,Y40-59,2019,3471.0
Latvia,LV,Y40-59,2020,3501.0
Latvia,LV,Y40-59,2021,4309.0
Latvia,LV,Y40-59,2022,3649.0
Latvia,LV,Y40-59,2023,3318.0
Latvia,LV,Y40-59,2024,3142.0
Latvia,LV,Y60-79,2015,11978.0
Latvia,LV,Y60-79,2016,11703.0
Latvia,LV,Y60-79,2017,11729.0
Latvia,LV,Y60-79,2018,11518.0
Latvia,LV,Y60-79,2019,10956.0
Latvia,LV,Y60-79,2020,11601.0
Latvia,LV,Y60-79,2021,13635.0
Latvia,LV,Y60-79,2022,11628.0
Latvia,LV,Y60-79,2023,10834.0
Latvia,LV,Y60-79,2024,10102.0
Latvia,LV,Y_GE80,2015,11936.0
Latvia,LV,Y_GE80,2016,11920.0
Latvia,LV,Y_GE80,2017,12216.0
Latvia,LV,Y_GE80,2018,12571.0
Latvia,LV,Y_GE80,2019,12417.0
Latvia,LV,Y_GE80,2020,13476.0
Latvia,LV,Y_GE80,2021,15674.0
Latvia,LV,Y_GE80,2022,14138.0
Latvia,LV,Y_GE80,2023,12651.0
Latvia,LV,Y_GE80,2024,12254.0
Latvia,LV,Y_LT20,2015,178.0
Latvia,LV,Y_LT20,2016,177.0
Latvia,LV,Y_LT20,2017,176.0
Latvia,LV,Y_LT20,2018,150.0
Latvia,LV,Y_LT20,2019,150.0
Latvia,LV,Y_LT20,2020,145.0
Latvia,LV,Y_LT20,2021,106.0
Latvia,LV,Y_LT20,2022,116.0
Latvia,LV,Y_LT20,2023,112.0
Latvia,LV,Y_LT20,2024,92.0
Liechtenstein,LI,LT80,2015,114.0
Liechtenstein,LI,LT80,2016,144.0
Liechtenstein,LI,LT80,2017,132.0
Liechtenstein,LI,LT80,2018,131.0
Liechtenstein,LI,LT80,2019,123.0
Liechtenstein,LI,LT80,2020,145.0
Liechtenstein,LI,LT80,2021,127.0
Liechtenstein,LI,LT80,2022,0.0
Liechtenstein,LI,LT80,2023,124.0
Liechtenstein,LI,LT80,2024,142.0
Liechtenstein,LI,TOTAL,2015,258.0
Liechtenstein,LI,TOTAL,2016,270.0
Liechtenstein,LI,TOTAL,2017,248.0
Liechtenstein,LI,TOTAL,2018,273.0
Liechtenstein,LI,TOTAL,2019,260.0
Liechtenstein,LI,TOTAL,2020,325.0
Liechtenstein,LI,TOTAL,2021,267.0
Liechtenstein,LI,TOTAL,2022,279.0
Liechtenstein,LI,TOTAL,2023,264.0
Liechtenstein,LI,TOTAL,2024,289.0
Liechtenstein,LI,Y20-39,2015,2.0
Liechtenstein,LI,Y20-39,2016,5.0
Liechtenstein,LI,Y20-39,2017,3.0
Liechtenstein,LI,Y20-39,2018,6.0
Liechtenstein,LI,Y20-39,2019,3.0
Liechtenstein,LI,Y20-39,2020,3.0
Liechtenstein,LI,Y20-39,2021,3.0
Liechtenstein,LI,Y20-39,2022,0.0
Liechtenstein,LI,Y20-39,2023,5.0
Liechtenstein,LI,Y20-39,2024,2.0
Liechtenstein,LI,Y40-59,2015,27.0
Liechtenstein,LI,Y40-59,2016,21.0
Liechtenstein,LI,Y40-59,2017,26.0
Liechtenstein,LI,Y40-59,2018,22.0
Liechtenstein,LI,Y40-59,2019,19.0
Liechtenstein,LI,Y40-59,2020,16.0
Liechtenstein,LI,Y40-59,2021,24.0
Liechtenstein,LI,Y40-59,2022,0.0
Liechtenstein,LI,Y40-59,2023,27.0
Liechtenstein,LI,Y40-59,2024,25.0
Liechtenstein,LI,Y60-79,2015,82.0
Liechtenstein,LI,Y60-79,2016,115.0
Liechtenstein,LI,Y60-79,2017,102.0
Liechtenstein,LI,Y60-79,2018,102.0
Liechtenstein,LI,Y60-79,2019,101.0
Liechtenstein,LI,Y60-79,2020,119.0
Liechtenstein,LI,Y60-79,2021,98.0
Liechtenstein,LI,Y60-79,2022,0.0
Liechtenstein,LI,Y60-79,2023,87.0
Liechtenstein,LI,Y60-79,2024,114.0
Liechtenstein,LI,Y_GE80,2015,144.0
Liechtenstein,LI,Y_GE80,2016,126.0
Liechtenstein,LI,Y_GE80,2017,116.0
Liechtenstein,LI,Y_GE80,2018,142.0
Liechtenstein,LI,Y_GE80,2019,137.0
Liechtenstein,LI,Y_GE80,2020,180.0
Liechtenstein,LI,Y_GE80,2021,140.0
Liechtenstein,LI,Y_GE80,2022,0.0
Liechtenstein,LI,Y_GE80,2023,140.0
Liechtenstein,LI,Y_GE80,2024,147.0
Liechtenstein,LI,Y_LT20,2015,3.0
Liechtenstein,LI,Y_LT20,2016,3.0
Liechtenstein,LI,Y_LT20,2017,1.0
Liechtenstein,LI,Y_LT20,2018,1.0
Liechtenstein,LI,Y_LT20,2019,0.0
Liechtenstein,LI,Y_LT20,2020,7.0
Liechtenstein,LI,Y_LT20,2021,2.0
Liechtenstein,LI,Y_LT20,2022,0.0
Liechtenstein,LI,Y_LT20,2023,5.0
Liechtenstein,LI,Y_LT20,2024,1.0
Lithuania,LT,LT80,2015,24106.0
Lithuania,LT,LT80,2016,23019.0
Lithuania,LT,LT80,2017,21362.0
Lithuania,LT,LT80,2018,21037.0
Lithuania,LT,LT80,2019,20381.0
Lithuania,LT,LT80,2020,23862.0
Lithuania,LT,LT80,2021,25171.0
Lithuania,LT,LT80,2022,21932.0
Lithuania,LT,LT80,2023,19862.0
Lithuania,LT,LT80,2024,20012.571428571428
Lithuania,LT,TOTAL,2015,42532.0
Lithuania,LT,TOTAL,2016,40859.0
Lithuania,LT,TOTAL,2017,39990.0
Lithuania,LT,TOTAL,2018,39452.0
Lithuania,LT,TOTAL,2019,38184.0
Lithuania,LT,TOTAL,2020,44322.0
Lithuania,LT,TOTAL,2021,47463.0
Lithuania,LT,TOTAL,2022,42380.0
Lithuania,LT,TOTAL,2023,37802.0
Lithuania,LT,TOTAL,2024,37475.02040816326
Lithuania,LT,Y20-39,2015,1300.0
Lithuania,LT,Y20-39,2016,1130.0
Lithuania,LT,Y20-39,2017,1006.0
Lithuania,LT,Y20-39,2018,1008.0
Lithuania,LT,Y20-39,2019,914.0
Lithuania,LT,Y20-39,2020,904.0
Lithuania,LT,Y20-39,2021,974.0
Lithuania,LT,Y20-39,2022,835.0
Lithuania,LT,Y20-39,2023,813.0
Lithuania,LT,Y20-39,2024,788.4897959183673
Lithuania,LT,Y40-59,2015,6203.0
Lithuania,LT,Y40-59,2016,6003.0
Lithuania,LT,Y40-59,2017,5285.0
Lithuania,LT,Y40-59,2018,5018.0
Lithuania,LT,Y40-59,2019,4878.0
Lithuania,LT,Y40-59,2020,5747.0
Lithuania,LT,Y40-59,2021,5874.0
Lithuania,LT,Y40-59,2022,4928.0
Lithuania,LT,Y40-59,2023,4602.0
Lithuania,LT,Y40-59,2024,4499.591836734694
Lithuania,LT,Y60-79,2015,16286.0
Lithuania,LT,Y60-79,2016,15618.0
Lithuania,LT,Y60-79,2017,14854.0
Lithuania,LT,Y60-79,2018,14787.0
Lithuania,LT,Y60-79,2019,14386.0
Lithuania,LT,Y60-79,2020,17028.0
Lithuania,LT,Y60-79,2021,18147.0
Lithuania,LT,Y60-79,2022,16022.0
Lithuania,LT,Y60-79,2023,14281.0
Lithuania,LT,Y60-79,2024,14591.836734693878
Lithuania,LT,Y_GE80,2015,18426.0
Lithuania,LT,Y_GE80,2016,17840.0
Lithuania,LT,Y_GE80,2017,18628.0
Lithuania,LT,Y_GE80,2018,18415.0
Lithuania,LT,Y_GE80,2019,17803.0
Lithuania,LT,Y_GE80,2020,20460.0
Lithuania,LT,Y_GE80,2021,22292.0
Lithuania,LT,Y_GE80,2022,20448.0
Lithuania,LT,Y_GE80,2023,17940.0
Lithuania,LT,Y_GE80,2024,17462.448979591838
Lithuania,LT,Y_LT20,2015,317.0
Lithuania,LT,Y_LT20,2016,268.0
Lithuania,LT,Y_LT20,2017,217.0
Lithuania,LT,Y_LT20,2018,224.0
Lithuania,LT,Y_LT20,2019,203.0
Lithuania,LT,Y_LT20,2020,183.0
Lithuania,LT,Y_LT20,2021,176.0
Lithuania,LT,Y_LT20,2022,147.0
Lithuania,LT,Y_LT20,2023,166.0
Lithuania,LT,Y_LT20,2024,132.6530612244898
Luxembourg,LU,LT80,2015,1864.0
Luxembourg,LU,LT80,2016,1799.0
Luxembourg,LU,LT80,2017,2044.0
Luxembourg,LU,LT80,2018,1956.0
Luxembourg,LU,LT80,2019,1915.0
Luxembourg,LU,LT80,2020,2049.0
Luxembourg,LU,LT80,2021,2020.0
Luxembourg,LU,LT80,2022,1948.0
Luxembourg,LU,LT80,2023,1952.0
Luxembourg,LU,LT80,2024,1954.3333333333333
Luxembourg,LU,TOTAL,2015,4048.0
Luxembourg,LU,TOTAL,2016,3942.0
Luxembourg,LU,TOTAL,2017,4251.0
Luxembourg,LU,TOTAL,2018,4300.0
Luxembourg,LU,TOTAL,2019,4288.0
Luxembourg,LU,TOTAL,2020,4667.0
Luxembourg,LU,TOTAL,2021,4490.0
Luxembourg,LU,TOTAL,2022,4444.0
Luxembourg,LU,TOTAL,2023,4413.0
Luxembourg,LU,TOTAL,2024,4408.083333333333
Luxembourg,LU,Y20-39,2015,63.0
Luxembourg,LU,Y20-39,2016,56.0
Luxembourg,LU,Y20-39,2017,71.0
Luxembourg,LU,Y20-39,2018,71.0
Luxembourg,LU,Y20-39,2019,74.0
Luxembourg,LU,Y20-39,2020,68.0
Luxembourg,LU,Y20-39,2021,62.0
Luxembourg,LU,Y20-39,2022,70.0
Luxembourg,LU,Y20-39,2023,62.0
Luxembourg,LU,Y20-39,2024,66.08333333333333
Luxembourg,LU,Y40-59,2015,395.0
Luxembourg,LU,Y40-59,2016,412.0
Luxembourg,LU,Y40-59,2017,397.0
Luxembourg,LU,Y40-59,2018,415.0
Luxembourg,LU,Y40-59,2019,400.0
Luxembourg,LU,Y40-59,2020,419.0
Luxembourg,LU,Y40-59,2021,418.0
Luxembourg,LU,Y40-59,2022,385.0
Luxembourg,LU,Y40-59,2023,378.0
Luxembourg,LU,Y40-59,2024,361.8333333333333
Luxembourg,LU,Y60-79,2015,1370.0
Luxembourg,LU,Y60-79,2016,1297.0
Luxembourg,LU,Y60-79,2017,1538.0
Luxembourg,LU,Y60-79,2018,1432.0
Luxembourg,LU,Y60-79,2019,1401.0
Luxembourg,LU,Y60-79,2020,1516.0
Luxembourg,LU,Y60-79,2021,1502.0
Luxembourg,LU,Y60-79,2022,1453.0
Luxembourg,LU,Y60-79,2023,1471.0
Luxembourg,LU,Y60-79,2024,1430.0
Luxembourg,LU,Y_GE80,2015,2184.0
Luxembourg,LU,Y_GE80,2016,2143.0
Luxembourg,LU,Y_GE80,2017,2207.0
Luxembourg,LU,Y_GE80,2018,2344.0
Luxembourg,LU,Y_GE80,2019,2373.0
Luxembourg,LU,Y_GE80,2020,2618.0
Luxembourg,LU,Y_GE80,2021,2470.0
Luxembourg,LU,Y_GE80,2022,2495.0
Luxembourg,LU,Y_GE80,2023,2461.0
Luxembourg,LU,Y_GE80,2024,2453.75
Luxembourg,LU,Y_LT20,2015,36.0
Luxembourg,LU,Y_LT20,2016,34.0
Luxembourg,LU,Y_LT20,2017,38.0
Luxembourg,LU,Y_LT20,2018,38.0
Luxembourg,LU,Y_LT20,2019,40.0
Luxembourg,LU,Y_LT20,2020,46.0
Luxembourg,LU,Y_LT20,2021,38.0
Luxembourg,LU,Y_LT20,2022,40.0
Luxembourg,LU,Y_LT20,2023,41.0
Luxembourg,LU,Y_LT20,2024,96.41666666666667
Malta,MT,LT80,2015,1706.0
Malta,MT,LT80,2016,1622.0
Malta,MT,LT80,2017,1703.0
Malta,MT,LT80,2018,1774.0
Malta,MT,LT80,2019,1739.0
Malta,MT,LT80,2020,1956.0
Malta,MT,LT80,2021,2007.0
Malta,MT,LT80,2022,2025.0
Malta,MT,LT80,2023,1885.0
Malta,MT,LT80,2024,1943.1020408163265
Malta,MT,TOTAL,2015,3520.0
Malta,MT,TOTAL,2016,3308.0
Malta,MT,TOTAL,2017,3556.0
Malta,MT,TOTAL,2018,3672.0
Malta,MT,TOTAL,2019,3684.0
Malta,MT,TOTAL,2020,4152.0
Malta,MT,TOTAL,2021,4140.0
Malta,MT,TOTAL,2022,4220.0
Malta,MT,TOTAL,2023,4022.0
Malta,MT,TOTAL,2024,4099.510204081633
Malta,MT,Y20-39,2015,61.0
Malta,MT,Y20-39,2016,63.0
Malta,MT,Y20-39,2017,61.0
Malta,MT,Y20-39,2018,71.0
Malta,MT,Y20-39,2019,50.0
Malta,MT,Y20-39,2020,71.0
Malta,MT,Y20-39,2021,50.0
Malta,MT,Y20-39,2022,65.0
Malta,MT,Y20-39,2023,57.0
Malta,MT,Y20-39,2024,63.673469387755105
Malta,MT,Y40-59,2015,266.0
Malta,MT,Y40-59,2016,285.0
Malta,MT,Y40-59,2017,268.0
Malta,MT,Y40-59,2018,280.0
Malta,MT,Y40-59,2019,257.0
Malta,MT,Y40-59,2020,302.0
Malta,MT,Y40-59,2021,296.0
Malta,MT,Y40-59,2022,295.0
Malta,MT,Y40-59,2023,265.0
Malta,MT,Y40-59,2024,230.28571428571428
Malta,MT,Y60-79,2015,1337.0
Malta,MT,Y60-79,2016,1230.0
Malta,MT,Y60-79,2017,1335.0
Malta,MT,Y60-79,2018,1390.0
Malta,MT,Y60-79,2019,1386.0
Malta,MT,Y60-79,2020,1553.0
Malta,MT,Y60-79,2021,1633.0
Malta,MT,Y60-79,2022,1635.0
Malta,MT,Y60-79,2023,1539.0
Malta,MT,Y60-79,2024,1623.6734693877552
Malta,MT,Y_GE80,2015,1814.0
Malta,MT,Y_GE80,2016,1686.0
Malta,MT,Y_GE80,2017,1853.0
Malta,MT,Y_GE80,2018,1898.0
Malta,MT,Y_GE80,2019,1945.0
Malta,MT,Y_GE80,2020,2196.0
Malta,MT,Y_GE80,2021,2133.0
Malta,MT,Y_GE80,2022,2195.0
Malta,MT,Y_GE80,2023,2137.0
Malta,MT,Y_GE80,2024,2156.408163265306
Malta,MT,Y_LT20,2015,42.0
Malta,MT,Y_LT20,2016,44.0
Malta,MT,Y_LT20,2017,39.0
Malta,MT,Y_LT20,2018,33.0
Malta,MT,Y_LT20,2019,46.0
Malta,MT,Y_LT20,2020,30.0
Malta,MT,Y_LT20,2021,28.0
Malta,MT,Y_LT20,2022,30.0
Malta,MT,Y_LT20,2023,24.0
Malta,MT,Y_LT20,2024,25.46938775510204
Montenegro,ME,LT80,2015,3984.0
Montenegro,ME,LT80,2016,3968.0
Montenegro,ME,LT80,2017,3831.0
Montenegro,ME,LT80,2018,3842.0
Montenegro,ME,LT80,2019,3862.0
Montenegro,ME,LT80,2020,4312.0
Montenegro,ME,LT80,2021,5394.0
Montenegro,ME,LT80,2022,4032.0
Montenegro,ME,LT80,2023,3736.0
Montenegro,ME,LT80,2024,3827.2
Montenegro,ME,TOTAL,2015,6452.0
Montenegro,ME,TOTAL,2016,6424.0
Montenegro,ME,TOTAL,2017,6499.0
Montenegro,ME,TOTAL,2018,6479.0
Montenegro,ME,TOTAL,2019,6579.0
Montenegro,ME,TOTAL,2020,7350.0
Montenegro,ME,TOTAL,2021,9115.0
Montenegro,ME,TOTAL,2022,7027.0
Montenegro,ME,TOTAL,2023,6314.0
Montenegro,ME,TOTAL,2024,6458.4
Montenegro,ME,Y20-39,2015,117.0
Montenegro,ME,Y20-39,2016,115.0
Montenegro,ME,Y20-39,2017,141.0
Montenegro,ME,Y20-39,2018,105.0
Montenegro,ME,Y20-39,2019,125.0
Montenegro,ME,Y20-39,2020,124.0
Montenegro,ME,Y20-39,2021,146.0
Montenegro,ME,Y20-39,2022,126.0
Montenegro,ME,Y20-39,2023,124.0
Montenegro,ME,Y20-39,2024,121.82857142857144
Montenegro,ME,Y40-59,2015,827.0
Montenegro,ME,Y40-59,2016,754.0
Montenegro,ME,Y40-59,2017,711.0
Montenegro,ME,Y40-59,2018,775.0
Montenegro,ME,Y40-59,2019,801.0
Montenegro,ME,Y40-59,2020,778.0
Montenegro,ME,Y40-59,2021,968.0
Montenegro,ME,Y40-59,2022,703.0
Montenegro,ME,Y40-59,2023,634.0
Montenegro,ME,Y40-59,2024,661.1428571428571
Montenegro,ME,Y60-79,2015,2998.0
Montenegro,ME,Y60-79,2016,3047.0
Montenegro,ME,Y60-79,2017,2936.0
Montenegro,ME,Y60-79,2018,2925.0
Montenegro,ME,Y60-79,2019,2889.0
Montenegro,ME,Y60-79,2020,3366.0
Montenegro,ME,Y60-79,2021,4247.0
Montenegro,ME,Y60-79,2022,3136.0
Montenegro,ME,Y60-79,2023,2934.0
Montenegro,ME,Y60-79,2024,3007.0857142857144
Montenegro,ME,Y_GE80,2015,2468.0
Montenegro,ME,Y_GE80,2016,2456.0
Montenegro,ME,Y_GE80,2017,2668.0
Montenegro,ME,Y_GE80,2018,2637.0
Montenegro,ME,Y_GE80,2019,2717.0
Montenegro,ME,Y_GE80,2020,3038.0
Montenegro,ME,Y_GE80,2021,3721.0
Montenegro,ME,Y_GE80,2022,2995.0
Montenegro,ME,Y_GE80,2023,2578.0
Montenegro,ME,Y_GE80,2024,2631.2
Montenegro,ME,Y_LT20,2015,42.0
Montenegro,ME,Y_LT20,2016,52.0
Montenegro,ME,Y_LT20,2017,43.0
Montenegro,ME,Y_LT20,2018,37.0
Montenegro,ME,Y_LT20,2019,47.0
Montenegro,ME,Y_LT20,2020,44.0
Montenegro,ME,Y_LT20,2021,33.0
Montenegro,ME,Y_LT20,2022,67.0
Montenegro,ME,Y_LT20,2023,44.0
Montenegro,ME,Y_LT20,2024,37.142857142857146
Netherlands,NL,LT80,2015,67008.0
Netherlands,NL,LT80,2016,66283.0
Netherlands,NL,LT80,2017,65932.0
Netherlands,NL,LT80,2018,67335.0
Netherlands,NL,LT80,2019,66706.0
Netherlands,NL,LT80,2020,74024.0
Netherlands,NL,LT80,2021,75939.0
Netherlands,NL,LT80,2022,74573.0
Netherlands,NL,LT80,2023,73937.0
Netherlands,NL,LT80,2024,73762.5306122449
Netherlands,NL,TOTAL,2015,149732.0
Netherlands,NL,TOTAL,2016,148209.0
Netherlands,NL,TOTAL,2017,149745.0
Netherlands,NL,TOTAL,2018,152907.0
Netherlands,NL,TOTAL,2019,151483.0
Netherlands,NL,TOTAL,2020,171277.0
Netherlands,NL,TOTAL,2021,170184.0
Netherlands,NL,TOTAL,2022,169159.0
Netherlands,NL,TOTAL,2023,168815.0
Netherlands,NL,TOTAL,2024,170588.6530612245
Netherlands,NL,Y20-39,2015,1686.0
Netherlands,NL,Y20-39,2016,1706.0
Netherlands,NL,Y20-39,2017,1690.0
Netherlands,NL,Y20-39,2018,1714.0
Netherlands,NL,Y20-39,2019,1741.0
Netherlands,NL,Y20-39,2020,1843.0
Netherlands,NL,Y20-39,2021,1902.0
Netherlands,NL,Y20-39,2022,1916.0
Netherlands,NL,Y20-39,2023,1955.0
Netherlands,NL,Y20-39,2024,2017.3877551020407
Netherlands,NL,Y40-59,2015,11916.0
Netherlands,NL,Y40-59,2016,11688.0
Netherlands,NL,Y40-59,2017,11216.0
Netherlands,NL,Y40-59,2018,11053.0
Netherlands,NL,Y40-59,2019,10686.0
Netherlands,NL,Y40-59,2020,11085.0
Netherlands,NL,Y40-59,2021,11482.0
Netherlands,NL,Y40-59,2022,11123.0
Netherlands,NL,Y40-59,2023,10487.0
Netherlands,NL,Y40-59,2024,10305.551020408164
Netherlands,NL,Y60-79,2015,52427.0
Netherlands,NL,Y60-79,2016,51896.0
Netherlands,NL,Y60-79,2017,51960.0
Netherlands,NL,Y60-79,2018,53577.0
Netherlands,NL,Y60-79,2019,53267.0
Netherlands,NL,Y60-79,2020,60046.0
Netherlands,NL,Y60-79,2021,61592.0
Netherlands,NL,Y60-79,2022,60517.0
Netherlands,NL,Y60-79,2023,60470.0
Netherlands,NL,Y60-79,2024,60448.4081632653
Netherlands,NL,Y_GE80,2015,82823.0
Netherlands,NL,Y_GE80,2016,81926.0
Netherlands,NL,Y_GE80,2017,83813.0
Netherlands,NL,Y_GE80,2018,85572.0
Netherlands,NL,Y_GE80,2019,84777.0
Netherlands,NL,Y_GE80,2020,97253.0
Netherlands,NL,Y_GE80,2021,94245.0
Netherlands,NL,Y_GE80,2022,94586.0
Netherlands,NL,Y_GE80,2023,94878.0
Netherlands,NL,Y_GE80,2024,96826.12244897959
Netherlands,NL,Y_LT20,2015,979.0
Netherlands,NL,Y_LT20,2016,993.0
Netherlands,NL,Y_LT20,2017,1066.0
Netherlands,NL,Y_LT20,2018,991.0
Netherlands,NL,Y_LT20,2019,1012.0
Netherlands,NL,Y_LT20,2020,1050.0
Netherlands,NL,Y_LT20,2021,963.0
Netherlands,NL,Y_LT20,2022,1017.0
Netherlands,NL,Y_LT20,2023,1025.0
Netherlands,NL,Y_LT20,2024,991.1836734693877
Norway,NO,LT80,2015,17173.0
Norway,NO,LT80,2016,17077.0
Norway,NO,LT80,2017,17073.0
Norway,NO,LT80,2018,17332.0
Norway,NO,LT80,2019,17375.0
Norway,NO,LT80,2020,17687.0
Norway,NO,LT80,2021,17969.0
Norway,NO,LT80,2022,19467.0
Norway,NO,LT80,2023,18945.0
Norway,NO,LT80,2024,18928.0
Norway,NO,TOTAL,2015,41531.0
Norway,NO,TOTAL,2016,40442.0
Norway,NO,TOTAL,2017,40641.0
Norway,NO,TOTAL,2018,40733.0
Norway,NO,TOTAL,2019,40523.0
Norway,NO,TOTAL,2020,41211.0
Norway,NO,TOTAL,2021,41936.0
Norway,NO,TOTAL,2022,45594.0
Norway,NO,TOTAL,2023,43553.0
Norway,NO,TOTAL,2024,43833.0
Norway,NO,Y20-39,2015,701.0
Norway,NO,Y20-39,2016,703.0
Norway,NO,Y20-39,2017,662.0
Norway,NO,Y20-39,2018,703.0
Norway,NO,Y20-39,2019,702.0
Norway,NO,Y20-39,2020,696.0
Norway,NO,Y20-39,2021,634.0
Norway,NO,Y20-39,2022,663.0
Norway,NO,Y20-39,2023,773.0
Norway,NO,Y20-39,2024,696.0
Norway,NO,Y40-59,2015,3085.0
Norway,NO,Y40-59,2016,2996.0
Norway,NO,Y40-59,2017,2850.0
Norway,NO,Y40-59,2018,2864.0
Norway,NO,Y40-59,2019,2742.0
Norway,NO,Y40-59,2020,2805.0
Norway,NO,Y40-59,2021,2759.0
Norway,NO,Y40-59,2022,2960.0
Norway,NO,Y40-59,2023,2847.0
Norway,NO,Y40-59,2024,2787.0
Norway,NO,Y60-79,2015,13115.0
Norway,NO,Y60-79,2016,13102.0
Norway,NO,Y60-79,2017,13276.0
Norway,NO,Y60-79,2018,13512.0
Norway,NO,Y60-79,2019,13659.0
Norway,NO,Y60-79,2020,13928.0
Norway,NO,Y60-79,2021,14326.0
Norway,NO,Y60-79,2022,15596.0
Norway,NO,Y60-79,2023,15035.0
Norway,NO,Y60-79,2024,15171.0
Norway,NO,Y_GE80,2015,24358.0
Norway,NO,Y_GE80,2016,23365.0
Norway,NO,Y_GE80,2017,23568.0
Norway,NO,Y_GE80,2018,23401.0
Norway,NO,Y_GE80,2019,23148.0
Norway,NO,Y_GE80,2020,23524.0
Norway,NO,Y_GE80,2021,23967.0
Norway,NO,Y_GE80,2022,26127.0
Norway,NO,Y_GE80,2023,24608.0
Norway,NO,Y_GE80,2024,24905.0
Norway,NO,Y_LT20,2015,272.0
Norway,NO,Y_LT20,2016,276.0
Norway,NO,Y_LT20,2017,285.0
Norway,NO,Y_LT20,2018,253.0
Norway,NO,Y_LT20,2019,272.0
Norway,NO,Y_LT20,2020,258.0
Norway,NO,Y_LT20,2021,250.0
Norway,NO,Y_LT20,2022,248.0
Norway,NO,Y_LT20,2023,290.0
Norway,NO,Y_LT20,2024,274.0
Poland,PL,LT80,2015,231770.0
Poland,PL,LT80,2016,223522.0
Poland,PL,LT80,2017,227857.0
Poland,PL,LT80,2018,233000.0
Poland,PL,LT80,2019,231905.0
Poland,PL,LT80,2020,268954.0
Poland,PL,LT80,2021,298300.0
Poland,PL,LT80,2022,254059.0
Poland,PL,LT80,2023,235892.0
Poland,PL,LT80,2024,233419.0
Poland,PL,TOTAL,2015,401852.0
Poland,PL,TOTAL,2016,386953.0
Poland,PL,TOTAL,2017,402533.0
Poland,PL,TOTAL,2018,411312.0
Poland,PL,TOTAL,2019,407624.0
Poland,PL,TOTAL,2020,485604.0
Poland,PL,TOTAL,2021,518700.0
Poland,PL,TOTAL,2022,447053.0
Poland,PL,TOTAL,2023,407901.0
Poland,PL,TOTAL,2024,402543.0
Poland,PL,Y20-39,2015,10287.0
Poland,PL,Y20-39,2016,9973.0
Poland,PL,Y20-39,2017,9946.0
Poland,PL,Y20-39,2018,10029.0
Poland,PL,Y20-39,2019,9924.0
Poland,PL,Y20-39,2020,10473.0
Poland,PL,Y20-39,2021,11062.0
Poland,PL,Y20-39,2022,10425.0
Poland,PL,Y20-39,2023,9176.0
Poland,PL,Y20-39,2024,8512.0
Poland,PL,Y40-59,2015,55357.0
Poland,PL,Y40-59,2016,51995.0
Poland,PL,Y40-59,2017,50647.0
Poland,PL,Y40-59,2018,49518.0
Poland,PL,Y40-59,2019,47140.0
Poland,PL,Y40-59,2020,50411.0
Poland,PL,Y40-59,2021,55128.0
Poland,PL,Y40-59,2022,47088.0
Poland,PL,Y40-59,2023,42716.0
Poland,PL,Y40-59,2024,41711.0
Poland,PL,Y60-79,2015,163134.0
Poland,PL,Y60-79,2016,158714.0
Poland,PL,Y60-79,2017,164375.0
Poland,PL,Y60-79,2018,170615.0
Poland,PL,Y60-79,2019,172192.0
Poland,PL,Y60-79,2020,205668.0
Poland,PL,Y60-79,2021,229497.0
Poland,PL,Y60-79,2022,193978.0
Poland,PL,Y60-79,2023,181643.0
Poland,PL,Y60-79,2024,181038.0
Poland,PL,Y_GE80,2015,170082.0
Poland,PL,Y_GE80,2016,163431.0
Poland,PL,Y_GE80,2017,174676.0
Poland,PL,Y_GE80,2018,178312.0
Poland,PL,Y_GE80,2019,175719.0
Poland,PL,Y_GE80,2020,216650.0
Poland,PL,Y_GE80,2021,220400.0
Poland,PL,Y_GE80,2022,192994.0
Poland,PL,Y_GE80,2023,172009.0
Poland,PL,Y_GE80,2024,169124.0
Poland,PL,Y_LT20,2015,2992.0
Poland,PL,Y_LT20,2016,2840.0
Poland,PL,Y_LT20,2017,2889.0
Poland,PL,Y_LT20,2018,2838.0
Poland,PL,Y_LT20,2019,2649.0
Poland,PL,Y_LT20,2020,2402.0
Poland,PL,Y_LT20,2021,2613.0
Poland,PL,Y_LT20,2022,2568.0
Poland,PL,Y_LT20,2023,2357.0
Poland,PL,Y_LT20,2024,2158.0
Portugal,PT,LT80,2015,46735.0
Portugal,PT,LT80,2016,46248.0
Portugal,PT,LT80,2017,45228.0
Portugal,PT,LT80,2018,45842.0
Portugal,PT,LT80,2019,44972.0
Portugal,PT,LT80,2020,49628.0
Portugal,PT,LT80,2021,49720.0
Portugal,PT,LT80,2022,48652.0
Portugal,PT,LT80,2023,46971.0
Portugal,PT,LT80,2024,45956.3
Portugal,PT,TOTAL,2015,110665.0
Portugal,PT,TOTAL,2016,110028.0
Portugal,PT,TOTAL,2017,109283.0
Portugal,PT,TOTAL,2018,112692.0
Portugal,PT,TOTAL,2019,111474.0
Portugal,PT,TOTAL,2020,125427.0
Portugal,PT,TOTAL,2021,124175.0
Portugal,PT,TOTAL,2022,124007.0
Portugal,PT,TOTAL,2023,117873.0
Portugal,PT,TOTAL,2024,117438.1
Portugal,PT,Y20-39,2015,1374.0
Portugal,PT,Y20-39,2016,1229.0
Portugal,PT,Y20-39,2017,1311.0
Portugal,PT,Y20-39,2018,1206.0
Portugal,PT,Y20-39,2019,1245.0
Portugal,PT,Y20-39,2020,1302.0
Portugal,PT,Y20-39,2021,1238.0
Portugal,PT,Y20-39,2022,1253.0
Portugal,PT,Y20-39,2023,1250.0
Portugal,PT,Y20-39,2024,1300.0
Portugal,PT,Y40-59,2015,9598.0
Portugal,PT,Y40-59,2016,9533.0
Portugal,PT,Y40-59,2017,9528.0
Portugal,PT,Y40-59,2018,9357.0
Portugal,PT,Y40-59,2019,9013.0
Portugal,PT,Y40-59,2020,9725.0
Portugal,PT,Y40-59,2021,9436.0
Portugal,PT,Y40-59,2022,9140.0
Portugal,PT,Y40-59,2023,8741.0
Portugal,PT,Y40-59,2024,8420.1
Portugal,PT,Y60-79,2015,35234.0
Portugal,PT,Y60-79,2016,34942.0
Portugal,PT,Y60-79,2017,33902.0
Portugal,PT,Y60-79,2018,34723.0
Portugal,PT,Y60-79,2019,34212.0
Portugal,PT,Y60-79,2020,38138.0
Portugal,PT,Y60-79,2021,38593.0
Portugal,PT,Y60-79,2022,37758.0
Portugal,PT,Y60-79,2023,36478.0
Portugal,PT,Y60-79,2024,35773.4
Portugal,PT,Y_GE80,2015,63916.0
Portugal,PT,Y_GE80,2016,63768.0
Portugal,PT,Y_GE80,2017,64039.0
Portugal,PT,Y_GE80,2018,66842.0
Portugal,PT,Y_GE80,2019,66494.0
Portugal,PT,Y_GE80,2020,75781.0
Portugal,PT,Y_GE80,2021,74444.0
Portugal,PT,Y_GE80,2022,75337.0
Portugal,PT,Y_GE80,2023,70888.0
Portugal,PT,Y_GE80,2024,71467.5
Portugal,PT,Y_LT20,2015,529.0
Portugal,PT,Y_LT20,2016,544.0
Portugal,PT,Y_LT20,2017,487.0
Portugal,PT,Y_LT20,2018,556.0
Portugal,PT,Y_LT20,2019,502.0
Portugal,PT,Y_LT20,2020,463.0
Portugal,PT,Y_LT20,2021,453.0
Portugal,PT,Y_LT20,2022,501.0
Portugal,PT,Y_LT20,2023,502.0
Portugal,PT,Y_LT20,2024,462.8
Romania,RO,LT80,2015,157655.0
Romania,RO,LT80,2016,151754.0
Romania,RO,LT80,2017,152081.0
Romania,RO,LT80,2018,152087.0
Romania,RO,LT80,2019,150287.0
Romania,RO,LT80,2020,173964.0
Romania,RO,LT80,2021,196592.0
Romania,RO,LT80,2022,154330.0
Romania,RO,LT80,2023,140182.0
Romania,RO,LT80,2024,124674.23255813954
Romania,RO,TOTAL,2015,267209.0
Romania,RO,TOTAL,2016,257033.0
Romania,RO,TOTAL,2017,261217.0
Romania,RO,TOTAL,2018,263222.0
Romania,RO,TOTAL,2019,260235.0
Romania,RO,TOTAL,2020,301427.0
Romania,RO,TOTAL,2021,334154.0
Romania,RO,TOTAL,2022,270189.0
Romania,RO,TOTAL,2023,240379.0
Romania,RO,TOTAL,2024,214870.0465116279
Romania,RO,Y20-39,2015,5312.0
Romania,RO,Y20-39,2016,4802.0
Romania,RO,Y20-39,2017,4742.0
Romania,RO,Y20-39,2018,4476.0
Romania,RO,Y20-39,2019,4446.0
Romania,RO,Y20-39,2020,4590.0
Romania,RO,Y20-39,2021,4912.0
Romania,RO,Y20-39,2022,3946.0
Romania,RO,Y20-39,2023,3719.0
Romania,RO,Y20-39,2024,3353.3953488372094
Romania,RO,Y40-59,2015,34724.0
Romania,RO,Y40-59,2016,33660.0
Romania,RO,Y40-59,2017,32882.0
Romania,RO,Y40-59,2018,32970.0
Romania,RO,Y40-59,2019,32780.0
Romania,RO,Y40-59,2020,35575.0
Romania,RO,Y40-59,2021,39860.0
Romania,RO,Y40-59,2022,32326.0
Romania,RO,Y40-59,2023,29928.0
Romania,RO,Y40-59,2024,26534.511627906977
Romania,RO,Y60-79,2015,114826.0
Romania,RO,Y60-79,2016,110746.0
Romania,RO,Y60-79,2017,111935.0
Romania,RO,Y60-79,2018,112352.0
Romania,RO,Y60-79,2019,110844.0
Romania,RO,Y60-79,2020,131751.0
Romania,RO,Y60-79,2021,149810.0
Romania,RO,Y60-79,2022,116125.0
Romania,RO,Y60-79,2023,104763.0
Romania,RO,Y60-79,2024,93222.69767441861
Romania,RO,Y_GE80,2015,109554.0
Romania,RO,Y_GE80,2016,105279.0
Romania,RO,Y_GE80,2017,109136.0
Romania,RO,Y_GE80,2018,111135.0
Romania,RO,Y_GE80,2019,109948.0
Romania,RO,Y_GE80,2020,127463.0
Romania,RO,Y_GE80,2021,137562.0
Romania,RO,Y_GE80,2022,115859.0
Romania,RO,Y_GE80,2023,100197.0
Romania,RO,Y_GE80,2024,90195.81395348837
Romania,RO,Y_LT20,2015,2793.0
Romania,RO,Y_LT20,2016,2546.0
Romania,RO,Y_LT20,2017,2522.0
Romania,RO,Y_LT20,2018,2289.0
Romania,RO,Y_LT20,2019,2217.0
Romania,RO,Y_LT20,2020,2048.0
Romania,RO,Y_LT20,2021,2010.0
Romania,RO,Y_LT20,2022,1933.0
Romania,RO,Y_LT20,2023,1772.0
Romania,RO,Y_LT20,2024,1563.6279069767443
Serbia,RS,LT80,2015,61298.0
Serbia,RS,LT80,2016,57652.0
Serbia,RS,LT80,2017,58372.0
Serbia,RS,LT80,2018,57007.0
Serbia,RS,LT80,2019,57281.0
Serbia,RS,LT80,2020,68804.0
Serbia,RS,LT80,2021,78817.0
Serbia,RS,LT80,2022,59013.0
Serbia,RS,LT80,2023,38115.0
Serbia,RS,LT80,2024,55503.914893617024
Serbia,RS,TOTAL,2015,105568.0
Serbia,RS,TOTAL,2016,100371.0
Serbia,RS,TOTAL,2017,103140.0
Serbia,RS,TOTAL,2018,101011.0
Serbia,RS,TOTAL,2019,100889.0
Serbia,RS,TOTAL,2020,119045.0
Serbia,RS,TOTAL,2021,135828.0
Serbia,RS,TOTAL,2022,104410.0
Serbia,RS,TOTAL,2023,94513.0
Serbia,RS,TOTAL,2024,95031.65957446808
Serbia,RS,Y20-39,2015,1538.0
Serbia,RS,Y20-39,2016,1352.0
Serbia,RS,Y20-39,2017,1370.0
Serbia,RS,Y20-39,2018,1262.0
Serbia,RS,Y20-39,2019,1256.0
Serbia,RS,Y20-39,2020,1406.0
Serbia,RS,Y20-39,2021,1617.0
Serbia,RS,Y20-39,2022,1359.0
Serbia,RS,Y20-39,2023,812.0
Serbia,RS,Y20-39,2024,1147.3191489361702
Serbia,RS,Y40-59,2015,10981.0
Serbia,RS,Y40-59,2016,10091.0
Serbia,RS,Y40-59,2017,10036.0
Serbia,RS,Y40-59,2018,9611.0
Serbia,RS,Y40-59,2019,9566.0
Serbia,RS,Y40-59,2020,11422.0
Serbia,RS,Y40-59,2021,12407.0
Serbia,RS,Y40-59,2022,9234.0
Serbia,RS,Y40-59,2023,5903.0
Serbia,RS,Y40-59,2024,8649.702127659575
Serbia,RS,Y60-79,2015,48167.0
Serbia,RS,Y60-79,2016,45623.0
Serbia,RS,Y60-79,2017,46395.0
Serbia,RS,Y60-79,2018,45571.0
Serbia,RS,Y60-79,2019,45906.0
Serbia,RS,Y60-79,2020,55428.0
Serbia,RS,Y60-79,2021,64262.0
Serbia,RS,Y60-79,2022,47981.0
Serbia,RS,Y60-79,2023,31057.0
Serbia,RS,Y60-79,2024,45175.82978723404
Serbia,RS,Y_GE80,2015,44232.0
Serbia,RS,Y_GE80,2016,42679.0
Serbia,RS,Y_GE80,2017,44717.0
Serbia,RS,Y_GE80,2018,43955.0
Serbia,RS,Y_GE80,2019,43558.0
Serbia,RS,Y_GE80,2020,50165.0
Serbia,RS,Y_GE80,2021,56944.0
Serbia,RS,Y_GE80,2022,45365.0
Serbia,RS,Y_GE80,2023,27665.0
Serbia,RS,Y_GE80,2024,39511.14893617021
Serbia,RS,Y_LT20,2015,612.0
Serbia,RS,Y_LT20,2016,586.0
Serbia,RS,Y_LT20,2017,571.0
Serbia,RS,Y_LT20,2018,563.0
Serbia,RS,Y_LT20,2019,553.0
Serbia,RS,Y_LT20,2020,548.0
Serbia,RS,Y_LT20,2021,531.0
Serbia,RS,Y_LT20,2022,439.0
Serbia,RS,Y_LT20,2023,343.0
Serbia,RS,Y_LT20,2024,531.063829787234
Slovakia,SK,LT80,2015,32980.0
Slovakia,SK,LT80,2016,31433.0
Slovakia,SK,LT80,2017,32164.0
Slovakia,SK,LT80,2018,32767.0
Slovakia,SK,LT80,2019,32479.0
Slovakia,SK,LT80,2020,36392.0
Slovakia,SK,LT80,2021,45769.0
Slovakia,SK,LT80,2022,35876.0
Slovakia,SK,LT80,2023,33164.0
Slovakia,SK,LT80,2024,32272.0
Slovakia,SK,TOTAL,2015,54747.0
Slovakia,SK,TOTAL,2016,52085.0
Slovakia,SK,TOTAL,2017,53702.0
Slovakia,SK,TOTAL,2018,54137.0
Slovakia,SK,TOTAL,2019,53115.0
Slovakia,SK,TOTAL,2020,60265.0
Slovakia,SK,TOTAL,2021,72964.0
Slovakia,SK,TOTAL,2022,59359.0
Slovakia,SK,TOTAL,2023,53953.0
Slovakia,SK,TOTAL,2024,53260.0
Slovakia,SK,Y20-39,2015,1314.0
Slovakia,SK,Y20-39,2016,1221.0
Slovakia,SK,Y20-39,2017,1186.0
Slovakia,SK,Y20-39,2018,1198.0
Slovakia,SK,Y20-39,2019,1217.0
Slovakia,SK,Y20-39,2020,1172.0
Slovakia,SK,Y20-39,2021,1364.0
Slovakia,SK,Y20-39,2022,1203.0
Slovakia,SK,Y20-39,2023,1119.0
Slovakia,SK,Y20-39,2024,1106.0
Slovakia,SK,Y40-59,2015,7683.0
Slovakia,SK,Y40-59,2016,6955.0
Slovakia,SK,Y40-59,2017,6971.0
Slovakia,SK,Y40-59,2018,7032.0
Slovakia,SK,Y40-59,2019,6647.0
Slovakia,SK,Y40-59,2020,7008.0
Slovakia,SK,Y40-59,2021,8707.0
Slovakia,SK,Y40-59,2022,6957.0
Slovakia,SK,Y40-59,2023,6322.0
Slovakia,SK,Y40-59,2024,6042.0
Slovakia,SK,Y60-79,2015,23432.0
Slovakia,SK,Y60-79,2016,22749.0
Slovakia,SK,Y60-79,2017,23513.0
Slovakia,SK,Y60-79,2018,24017.0
Slovakia,SK,Y60-79,2019,24100.0
Slovakia,SK,Y60-79,2020,27681.0
Slovakia,SK,Y60-79,2021,35219.0
Slovakia,SK,Y60-79,2022,27223.0
Slovakia,SK,Y60-79,2023,25249.0
Slovakia,SK,Y60-79,2024,24677.0
Slovakia,SK,Y_GE80,2015,21767.0
Slovakia,SK,Y_GE80,2016,20652.0
Slovakia,SK,Y_GE80,2017,21538.0
Slovakia,SK,Y_GE80,2018,21370.0
Slovakia,SK,Y_GE80,2019,20636.0
Slovakia,SK,Y_GE80,2020,23873.0
Slovakia,SK,Y_GE80,2021,27195.0
Slovakia,SK,Y_GE80,2022,23483.0
Slovakia,SK,Y_GE80,2023,20789.0
Slovakia,SK,Y_GE80,2024,20988.0
Slovakia,SK,Y_LT20,2015,551.0
Slovakia,SK,Y_LT20,2016,508.0
Slovakia,SK,Y_LT20,2017,494.0
Slovakia,SK,Y_LT20,2018,520.0
Slovakia,SK,Y_LT20,2019,515.0
Slovakia,SK,Y_LT20,2020,531.0
Slovakia,SK,Y_LT20,2021,479.0
Slovakia,SK,Y_LT20,2022,493.0
Slovakia,SK,Y_LT20,2023,474.0
Slovakia,SK,Y_LT20,2024,447.0
Slovenia,SI,LT80,2015,9817.0
Slovenia,SI,LT80,2016,9256.0
Slovenia,SI,LT80,2017,9540.0
Slovenia,SI,LT80,2018,9543.0
Slovenia,SI,LT80,2019,9534.0
Slovenia,SI,LT80,2020,10454.0
Slovenia,SI,LT80,2021,10693.0
Slovenia,SI,LT80,2022,9964.0
Slovenia,SI,LT80,2023,9556.0
Slovenia,SI,LT80,2024,9189.44
Slovenia,SI,TOTAL,2015,20184.0
Slovenia,SI,TOTAL,2016,19577.0
Slovenia,SI,TOTAL,2017,20436.0
Slovenia,SI,TOTAL,2018,20428.0
Slovenia,SI,TOTAL,2019,20547.0
Slovenia,SI,TOTAL,2020,24405.0
Slovenia,SI,TOTAL,2021,23089.0
Slovenia,SI,TOTAL,2022,22441.0
Slovenia,SI,TOTAL,2023,21472.0
Slovenia,SI,TOTAL,2024,21208.72
Slovenia,SI,Y20-39,2015,314.0
Slovenia,SI,Y20-39,2016,307.0
Slovenia,SI,Y20-39,2017,267.0
Slovenia,SI,Y20-39,2018,259.0
Slovenia,SI,Y20-39,2019,280.0
Slovenia,SI,Y20-39,2020,248.0
Slovenia,SI,Y20-39,2021,243.0
Slovenia,SI,Y20-39,2022,283.0
Slovenia,SI,Y20-39,2023,240.0
Slovenia,SI,Y20-39,2024,231.92
Slovenia,SI,Y40-59,2015,1984.0
Slovenia,SI,Y40-59,2016,1826.0
Slovenia,SI,Y40-59,2017,1805.0
Slovenia,SI,Y40-59,2018,1710.0
Slovenia,SI,Y40-59,2019,1638.0
Slovenia,SI,Y40-59,2020,1795.0
Slovenia,SI,Y40-59,2021,1817.0
Slovenia,SI,Y40-59,2022,1639.0
Slovenia,SI,Y40-59,2023,1601.0
Slovenia,SI,Y40-59,2024,1450.8
Slovenia,SI,Y60-79,2015,7424.0
Slovenia,SI,Y60-79,2016,7017.0
Slovenia,SI,Y60-79,2017,7385.0
Slovenia,SI,Y60-79,2018,7484.0
Slovenia,SI,Y60-79,2019,7527.0
Slovenia,SI,Y60-79,2020,8335.0
Slovenia,SI,Y60-79,2021,8547.0
Slovenia,SI,Y60-79,2022,7958.0
Slovenia,SI,Y60-79,2023,7632.0
Slovenia,SI,Y60-79,2024,7426.64
Slovenia,SI,Y_GE80,2015,10367.0
Slovenia,SI,Y_GE80,2016,10321.0
Slovenia,SI,Y_GE80,2017,10896.0
Slovenia,SI,Y_GE80,2018,10885.0
Slovenia,SI,Y_GE80,2019,11013.0
Slovenia,SI,Y_GE80,2020,13951.0
Slovenia,SI,Y_GE80,2021,12396.0
Slovenia,SI,Y_GE80,2022,12477.0
Slovenia,SI,Y_GE80,2023,11916.0
Slovenia,SI,Y_GE80,2024,12019.28
Slovenia,SI,Y_LT20,2015,95.0
Slovenia,SI,Y_LT20,2016,106.0
Slovenia,SI,Y_LT20,2017,83.0
Slovenia,SI,Y_LT20,2018,90.0
Slovenia,SI,Y_LT20,2019,89.0
Slovenia,SI,Y_LT20,2020,76.0
Slovenia,SI,Y_LT20,2021,86.0
Slovenia,SI,Y_LT20,2022,84.0
Slovenia,SI,Y_LT20,2023,83.0
Slovenia,SI,Y_LT20,2024,80.08
Spain,ES,LT80,2015,161620.0
Spain,ES,LT80,2016,154389.0
Spain,ES,LT80,2017,154772.0
Spain,ES,LT80,2018,156613.0
Spain,ES,LT80,2019,156054.0
Spain,ES,LT80,2020,182764.0
Spain,ES,LT80,2021,174098.0
Spain,ES,LT80,2022,174839.0
Spain,ES,LT80,2023,169854.0
Spain,ES,LT80,2024,167187.58333333334
Spain,ES,TOTAL,2015,427851.0
Spain,ES,TOTAL,2016,406128.0
Spain,ES,TOTAL,2017,420589.0
Spain,ES,TOTAL,2018,423994.0
Spain,ES,TOTAL,2019,414914.0
Spain,ES,TOTAL,2020,498856.0
Spain,ES,TOTAL,2021,447772.0
Spain,ES,TOTAL,2022,460480.0
Spain,ES,TOTAL,2023,434788.0
Spain,ES,TOTAL,2024,434187.0
Spain,ES,Y20-39,2015,4666.0
Spain,ES,Y20-39,2016,4414.0
Spain,ES,Y20-39,2017,4431.0
Spain,ES,Y20-39,2018,4318.0
Spain,ES,Y20-39,2019,4091.0
Spain,ES,Y20-39,2020,4482.0
Spain,ES,Y20-39,2021,4390.0
Spain,ES,Y20-39,2022,4328.0
Spain,ES,Y20-39,2023,4320.0
Spain,ES,Y20-39,2024,4058.1666666666665
Spain,ES,Y40-59,2015,34865.0
Spain,ES,Y40-59,2016,33521.0
Spain,ES,Y40-59,2017,33468.0
Spain,ES,Y40-59,2018,33376.0
Spain,ES,Y40-59,2019,32817.0
Spain,ES,Y40-59,2020,35755.0
Spain,ES,Y40-59,2021,34315.0
Spain,ES,Y40-59,2022,33826.0
Spain,ES,Y40-59,2023,32459.0
Spain,ES,Y40-59,2024,31507.666666666668
Spain,ES,Y60-79,2015,119973.0
Spain,ES,Y60-79,2016,114403.0
Spain,ES,Y60-79,2017,114851.0
Spain,ES,Y60-79,2018,116958.0
Spain,ES,Y60-79,2019,117257.0
Spain,ES,Y60-79,2020,140764.0
Spain,ES,Y60-79,2021,133574.0
Spain,ES,Y60-79,2022,134722.0
Spain,ES,Y60-79,2023,131192.0
Spain,ES,Y60-79,2024,129653.33333333333
Spain,ES,Y_GE80,2015,266231.0
Spain,ES,Y_GE80,2016,251739.0
Spain,ES,Y_GE80,2017,265817.0
Spain,ES,Y_GE80,2018,267381.0
Spain,ES,Y_GE80,2019,258860.0
Spain,ES,Y_GE80,2020,312030.0
Spain,ES,Y_GE80,2021,273670.0
Spain,ES,Y_GE80,2022,285641.0
Spain,ES,Y_GE80,2023,264895.0
Spain,ES,Y_GE80,2024,266965.8333333333
Spain,ES,Y_LT20,2015,2116.0
Spain,ES,Y_LT20,2016,2051.0
Spain,ES,Y_LT20,2017,2022.0
Spain,ES,Y_LT20,2018,1961.0
Spain,ES,Y_LT20,2019,1889.0
Spain,ES,Y_LT20,2020,1763.0
Spain,ES,Y_LT20,2021,1819.0
Spain,ES,Y_LT20,2022,1963.0
Spain,ES,Y_LT20,2023,1883.0
Spain,ES,Y_LT20,2024,1968.4166666666667
Sweden,SE,LT80,2015,36536.0
Sweden,SE,LT80,2016,35317.0
Sweden,SE,LT80,2017,35183.0
Sweden,SE,LT80,2018,35633.0
Sweden,SE,LT80,2019,34215.0
Sweden,SE,LT80,2020,37704.0
Sweden,SE,LT80,2021,35887.0
Sweden,SE,LT80,2022,35465.0
Sweden,SE,LT80,2023,34944.0
Sweden,SE,LT80,2024,32371.529411764706
Sweden,SE,TOTAL,2015,91580.0
Sweden,SE,TOTAL,2016,88548.0
Sweden,SE,TOTAL,2017,89403.0
Sweden,SE,TOTAL,2018,89414.0
Sweden,SE,TOTAL,2019,85936.0
Sweden,SE,TOTAL,2020,96950.0
Sweden,SE,TOTAL,2021,88566.0
Sweden,SE,TOTAL,2022,90881.0
Sweden,SE,TOTAL,2023,90357.0
Sweden,SE,TOTAL,2024,86822.66666666667
Sweden,SE,Y20-39,2015,1322.0
Sweden,SE,Y20-39,2016,1198.0
Sweden,SE,Y20-39,2017,1241.0
Sweden,SE,Y20-39,2018,1261.0
Sweden,SE,Y20-39,2019,1130.0
Sweden,SE,Y20-39,2020,1146.0
Sweden,SE,Y20-39,2021,1108.0
Sweden,SE,Y20-39,2022,1080.0
Sweden,SE,Y20-39,2023,1136.0
Sweden,SE,Y20-39,2024,950.2745098039215
Sweden,SE,Y40-59,2015,5198.0
Sweden,SE,Y40-59,2016,4833.0
Sweden,SE,Y40-59,2017,4685.0
Sweden,SE,Y40-59,2018,4559.0
Sweden,SE,Y40-59,2019,4368.0
Sweden,SE,Y40-59,2020,4619.0
Sweden,SE,Y40-59,2021,4482.0
Sweden,SE,Y40-59,2022,4300.0
Sweden,SE,Y40-59,2023,4260.0
Sweden,SE,Y40-59,2024,3927.529411764706
Sweden,SE,Y60-79,2015,29449.0
Sweden,SE,Y60-79,2016,28743.0
Sweden,SE,Y60-79,2017,28721.0
Sweden,SE,Y60-79,2018,29286.0
Sweden,SE,Y60-79,2019,28237.0
Sweden,SE,Y60-79,2020,31380.0
Sweden,SE,Y60-79,2021,29825.0
Sweden,SE,Y60-79,2022,29571.0
Sweden,SE,Y60-79,2023,29060.0
Sweden,SE,Y60-79,2024,27050.196078431374
Sweden,SE,Y_GE80,2015,55044.0
Sweden,SE,Y_GE80,2016,53231.0
Sweden,SE,Y_GE80,2017,54220.0
Sweden,SE,Y_GE80,2018,53781.0
Sweden,SE,Y_GE80,2019,51721.0
Sweden,SE,Y_GE80,2020,59246.0
Sweden,SE,Y_GE80,2021,52679.0
Sweden,SE,Y_GE80,2022,55416.0
Sweden,SE,Y_GE80,2023,55413.0
Sweden,SE,Y_GE80,2024,54451.13725490196
Sweden,SE,Y_LT20,2015,567.0
Sweden,SE,Y_LT20,2016,543.0
Sweden,SE,Y_LT20,2017,536.0
Sweden,SE,Y_LT20,2018,527.0
Sweden,SE,Y_LT20,2019,480.0
Sweden,SE,Y_LT20,2020,559.0
Sweden,SE,Y_LT20,2021,472.0
Sweden,SE,Y_LT20,2022,514.0
Sweden,SE,Y_LT20,2023,488.0
Sweden,SE,Y_LT20,2024,443.52941176470586
Switzerland,CH,LT80,2015,26470.0
Switzerland,CH,LT80,2016,24857.0
Switzerland,CH,LT80,2017,25352.0
Switzerland,CH,LT80,2018,25489.0
Switzerland,CH,LT80,2019,25498.0
Switzerland,CH,LT80,2020,27138.0
Switzerland,CH,LT80,2021,27063.0
Switzerland,CH,LT80,2022,27021.0
Switzerland,CH,LT80,2023,25841.0
Switzerland,CH,LT80,2024,24940.190476190477
Switzerland,CH,TOTAL,2015,68786.0
Switzerland,CH,TOTAL,2016,64649.0
Switzerland,CH,TOTAL,2017,66703.0
Switzerland,CH,TOTAL,2018,66888.0
Switzerland,CH,TOTAL,2019,67515.0
Switzerland,CH,TOTAL,2020,75861.0
Switzerland,CH,TOTAL,2021,70599.0
Switzerland,CH,TOTAL,2022,74095.0
Switzerland,CH,TOTAL,2023,71328.0
Switzerland,CH,TOTAL,2024,69224.38095238095
Switzerland,CH,Y20-39,2015,861.0
Switzerland,CH,Y20-39,2016,837.0
Switzerland,CH,Y20-39,2017,860.0
Switzerland,CH,Y20-39,2018,809.0
Switzerland,CH,Y20-39,2019,786.0
Switzerland,CH,Y20-39,2020,824.0
Switzerland,CH,Y20-39,2021,839.0
Switzerland,CH,Y20-39,2022,855.0
Switzerland,CH,Y20-39,2023,828.0
Switzerland,CH,Y20-39,2024,814.6666666666666
Switzerland,CH,Y40-59,2015,4926.0
Switzerland,CH,Y40-59,2016,4640.0
Switzerland,CH,Y40-59,2017,4708.0
Switzerland,CH,Y40-59,2018,4639.0
Switzerland,CH,Y40-59,2019,4353.0
Switzerland,CH,Y40-59,2020,4390.0
Switzerland,CH,Y40-59,2021,4486.0
Switzerland,CH,Y40-59,2022,4447.0
Switzerland,CH,Y40-59,2023,4171.0
Switzerland,CH,Y40-59,2024,4013.904761904762
Switzerland,CH,Y60-79,2015,20130.0
Switzerland,CH,Y60-79,2016,18910.0
Switzerland,CH,Y60-79,2017,19295.0
Switzerland,CH,Y60-79,2018,19537.0
Switzerland,CH,Y60-79,2019,19906.0
Switzerland,CH,Y60-79,2020,21433.0
Switzerland,CH,Y60-79,2021,21270.0
Switzerland,CH,Y60-79,2022,21208.0
Switzerland,CH,Y60-79,2023,20391.0
Switzerland,CH,Y60-79,2024,19704.285714285714
Switzerland,CH,Y_GE80,2015,42316.0
Switzerland,CH,Y_GE80,2016,39792.0
Switzerland,CH,Y_GE80,2017,41351.0
Switzerland,CH,Y_GE80,2018,41399.0
Switzerland,CH,Y_GE80,2019,42017.0
Switzerland,CH,Y_GE80,2020,48723.0
Switzerland,CH,Y_GE80,2021,43536.0
Switzerland,CH,Y_GE80,2022,47074.0
Switzerland,CH,Y_GE80,2023,45487.0
Switzerland,CH,Y_GE80,2024,44284.19047619047
Switzerland,CH,Y_LT20,2015,553.0
Switzerland,CH,Y_LT20,2016,470.0
Switzerland,CH,Y_LT20,2017,489.0
Switzerland,CH,Y_LT20,2018,504.0
Switzerland,CH,Y_LT20,2019,453.0
Switzerland,CH,Y_LT20,2020,491.0
Switzerland,CH,Y_LT20,2021,468.0
Switzerland,CH,Y_LT20,2022,511.0
Switzerland,CH,Y_LT20,2023,451.0
Switzerland,CH,Y_LT20,2024,407.3333333333333
